Workbook

Sheet Base Completa
A1: dia | B1: mes | C1: anio | D1: inventario_inicial_pizza | E1: entrada_pizza | F1: inventario_final_pizza | G1: venta_pizza | H1: precio_venta_pizza | I1: pizzeria
A2: 1 | B2: ENERO | C2: 2019 | D2: 81 | E2: 20 | F2: 41.75 | G2: 59.25 | H2: 32000 | I2: Terraplaza
A3: 2 | B3: ENERO | C3: 2019 | D3: 41.75 | E3: 101 | F3: 82 | G3: 60.75 | H3: 32000 | I3: Terraplaza
A4: 3 | B4: ENERO | C4: 2019 | D4: 82 | E4: NA | F4: 44 | G4: 38 | H4: 32000 | I4: Terraplaza
A5: 4 | B5: ENERO | C5: 2019 | D5: 44 | E5: 100 | F5: 102.75 | G5: 41.25 | H5: 32000 | I5: Terraplaza
A6: 5 | B6: ENERO | C6: 2019 | D6: 102.75 | E6: -49 | F6: 21 | G6: 32.75 | H6: 32000 | I6: Terraplaza
A7: 6 | B7: ENERO | C7: 2019 | D7: 21 | E7: 50 | F7: 47.25 | G7: 23.75 | H7: 32000 | I7: Terraplaza
A8: 7 | B8: ENERO | C8: 2019 | D8: 47.25 | E8: 60 | F8: 54 | G8: 53.25 | H8: 32000 | I8: Terraplaza
A9: 8 | B9: ENERO | C9: 2019 | D9: 54 | E9: 30 | F9: 30.25 | G9: 53.75 | H9: 32000 | I9: Terraplaza
A10: 9 | B10: ENERO | C10: 2019 | D10: 30.25 | E10: 150 | F10: 128 | G10: 52.25 | H10: 32000 | I10: Terraplaza
A11: 10 | B11: ENERO | C11: 2019 | D11: 128 | E11: NA | F11: 81.5 | G11: 46.5 | H11: 32000 | I11: Terraplaza
A12: 11 | B12: ENERO | C12: 2019 | D12: 81.5 | E12: NA | F12: 31 | G12: 50.5 | H12: 32000 | I12: Terraplaza
A13: 12 | B13: ENERO | C13: 2019 | D13: 31 | E13: 60 | F13: 18 | G13: 73 | H13: 32000 | I13: Terraplaza
A14: 13 | B14: ENERO | C14: 2019 | D14: 18 | E14: 70 | F14: 39.25 | G14: 48.75 | H14: 32000 | I14: Terraplaza
A15: 14 | B15: ENERO | C15: 2019 | D15: 39.25 | E15: 30 | F15: 51 | G15: 18.25 | H15: 32000 | I15: Terraplaza
A16: 15 | B16: ENERO | C16: 2019 | D16: 51 | E16: 30 | F16: 35.5 | G16: 45.5 | H16: 32000 | I16: Terraplaza
A17: 16 | B17: ENERO | C17: 2019 | D17: 35.5 | E17: 80 | F17: 65.75 | G17: 49.75 | H17: 32000 | I17: Terraplaza
A18: 17 | B18: ENERO | C18: 2019 | D18: 65.75 | E18: 80 | F18: 119 | G18: 26.75 | H18: 32000 | I18: Terraplaza
A19: 18 | B19: ENERO | C19: 2019 | D19: 119 | E19: -50 | F19: 36.25 | G19: 32.75 | H19: 32000 | I19: Terraplaza
A20: 19 | B20: ENERO | C20: 2019 | D20: 36.25 | E20: 100 | F20: 84 | G20: 52.25 | H20: 32000 | I20: Terraplaza
A21: 20 | B21: ENERO | C21: 2019 | D21: 84 | E21: NA | F21: 23 | G21: 61 | H21: 32000 | I21: Terraplaza
A22: 21 | B22: ENERO | C22: 2019 | D22: 23 | E22: 120 | F22: 124 | G22: 19 | H22: 32000 | I22: Terraplaza
A23: 22 | B23: ENERO | C23: 2019 | D23: 124 | E23: NA | F23: 94.875 | G23: 29.125 | H23: 32000 | I23: Terraplaza
A24: 23 | B24: ENERO | C24: 2019 | D24: 94.875 | E24: NA | F24: 70 | G24: 24.875 | H24: 32000 | I24: Terraplaza
A25: 24 | B25: ENERO | C25: 2019 | D25: 70 | E25: 120 | F25: 175 | G25: 15 | H25: 32000 | I25: Terraplaza
A26: 25 | B26: ENERO | C26: 2019 | D26: 175 | E26: NA | F26: 158 | G26: 17 | H26: 32000 | I26: Terraplaza
A27: 26 | B27: SEPTIEMBRE | C27: 2019 | D27: 158 | E27: NA | F27: 105 | G27: 53 | H27: 32000 | I27: Terraplaza
A28: 27 | B28: ENERO | C28: 2019 | D28: 105 | E28: NA | F28: 67.625 | G28: 37.375 | H28: 32000 | I28: Terraplaza
A29: 28 | B29: ENERO | C29: 2019 | D29: 67.625 | E29: 50 | F29: 103 | G29: 14.625 | H29: 32000 | I29: Terraplaza
A30: 29 | B30: ENERO | C30: 2019 | D30: 103 | E30: NA | F30: 75.75 | G30: 27.25 | H30: 32000 | I30: Terraplaza
A31: 30 | B31: ENERO | C31: 2019 | D31: 75.75 | E31: NA | F31: 56 | G31: 19.75 | H31: 32000 | I31: Terraplaza
A32: 31 | B32: ENERO | C32: 2019 | D32: 56 | E32: 140 | F32: 172.5 | G32: 23.5 | H32: 32000 | I32: Terraplaza
A33: 1 | B33: ENERO | C33: 2019 | D33: 111 | E33: 120 | F33: 127.5 | G33: 103.5 | H33: 32000 | I33: Torres
A34: 2 | B34: ENERO | C34: 2018 | D34: 127.5 | E34: 41 | F34: 89 | G34: 79.5 | H34: 32000 | I34: Torres
A35: 3 | B35: ENERO | C35: 2018 | D35: 89 | E35: NA | F35: 0 | G35: 89 | H35: 32000 | I35: Torres
A36: 4 | B36: ENERO | C36: 2018 | D36: 0 | E36: 70 | F36: 2.5 | G36: 67.5 | H36: 32000 | I36: Torres
A37: 5 | B37: ENERO | C37: 2018 | D37: 2.5 | E37: 100 | F37: 14 | G37: 88.5 | H37: 32000 | I37: Torres
A38: 6 | B38: ENERO | C38: 2018 | D38: 14 | E38: 95 | F38: 37 | G38: 72 | H38: 32000 | I38: Torres
A39: 7 | B39: ENERO | C39: 2018 | D39: 37 | E39: 80 | F39: 30 | G39: 87 | H39: 32000 | I39: Torres
A40: 8 | B40: ENERO | C40: 2018 | D40: 30 | E40: 154 | F40: 124 | G40: 60 | H40: 32000 | I40: Torres
A41: 9 | B41: ENERO | C41: 2018 | D41: 124 | E41: -46 | F41: 16 | G41: 62 | H41: 32000 | I41: Torres
A42: 10 | B42: ENERO | C42: 2018 | D42: 16 | E42: 106 | F42: 62 | G42: 60 | H42: 32000 | I42: Torres
A43: 11 | B43: ENERO | C43: 2018 | D43: 62 | E43: 71 | F43: 60.5 | G43: 72.5 | H43: 32000 | I43: Torres
A44: 12 | B44: ENERO | C44: 2018 | D44: 60.5 | E44: 81 | F44: 69 | G44: 72.5 | H44: 32000 | I44: Torres
A45: 13 | B45: ENERO | C45: 2018 | D45: 69 | E45: 72 | F45: 57.5 | G45: 83.5 | H45: 32000 | I45: Torres
A46: 14 | B46: ENERO | C46: 2018 | D46: 57.5 | E46: 112 | F46: 111.5 | G46: 58 | H46: 32000 | I46: Torres
A47: 15 | B47: ENERO | C47: 2018 | D47: 111.5 | E47: -30 | F47: 22.5 | G47: 59 | H47: 32000 | I47: Torres
... A49: 17 | B49: ENERO | C49: 2018 | D49: 22.5 | E49: 64 | F49: 42 | G49: 44.5 | H49: 32000 | I49: Torres
A50: 18 | B50: ENERO | C50: 2018 | D50: NA | E50: NA | F50: NA | G50: NA | H50: NA | I50: Torres
A51: 19 | B51: ENERO | C51: 2018 | D51: 24 | E51: 116 | F51: 39.75 | G51: 100.25 | H51: 32000 | I51: Torres
A52: 20 | B52: ENERO | C52: 2018 | D52: 39.75 | E52: 175 | F52: 130.5 | G52: 84.25 | H52: 32000 | I52: Torres
A53: 21 | B53: ENERO | C53: 2018 | D53: 130.5 | E53: -15 | F53: 58.5 | G53: 57 | H53: 32000 | I53: Torres
A54: 22 | B54: ENERO | C54: 2018 | D54: 58.5 | E54: 175 | F54: 188 | G54: 45.5 | H54: 32000 | I54: Torres
A55: 23 | B55: ENERO | C55: 2018 | D55: 188 | E55: NA | F55: 138 | G55: 50 | H55: 32000 | I55: Torres
A56: 24 | B56: ENERO | C56: 2018 | D56: 138 | E56: 57 | F56: 152.5 | G56: 42.5 | H56: 32000 | I56: Torres
A57: 25 | B57: ENERO | C57: 2018 | D57: 152.5 | E57: NA | F57: 89.75 | G57: 62.75 | H57: 32000 | I57: Torres
A58: 26 | B58: SEPTIEMBRE | C58: 2018 | D58: 89.75 | E58: 105 | F58: 122 | G58: 72.75 | H58: 32000 | I58: Torres
A59: 27 | B59: ENERO | C59: 2018 | D59: 122 | E59: 108 | F59: 160 | G59: 70 | H59: 32000 | I59: Torres
A60: 28 | B60: ENERO | C60: 2018 | D60: 160 | E60: 55 | F60: 181 | G60: 34 | H60: 32000 | I60: Torres
A61: 29 | B61: ENERO | C61: 2018 | D61: 181 | E61: 106 | F61: 244 | G61: 43 | H61: 32000 | I61: Torres
A62: 30 | B62: ENERO | C62: 2018 | D62: 244 | E62: 35 | F62: 231.375 | G62: 47.625 | H62: 32000 | I62: Torres
A63: 31 | B63: ENERO | C63: 2018 | D63: 231.375 | E63: -103 | F63: 59.5 | G63: 68.875 | H63: 32000 | I63: Torres
A64: 1 | B64: FEBRERO | C64: 2019 | D64: 172.5 | E64: NA | F64: 138 | G64: 34.5 | H64: 32000 | I64: Terraplaza
A65: 2 | B65: FEBRERO | C65: 2018 | D65: 138 | E65: NA | F65: 92.5 | G65: 45.5 | H65: 32000 | I65: Terraplaza
A66: 3 | B66: FEBRERO | C66: 2018 | D66: 92.5 | E66: NA | F66: 48.75 | G66: 43.75 | H66: 32000 | I66: Terraplaza
A67: 4 | B67: FEBRERO | C67: 2018 | D67: 48.75 | E67: 50 | F67: 85.75 | G67: 13 | H67: 32000 | I67: Terraplaza
A68: 5 | B68: FEBRERO | C68: 2018 | D68: 85.75 | E68: NA | F68: 68 | G68: 17.75 | H68: 32000 | I68: Terraplaza
A69: 6 | B69: FEBRERO | C69: 2018 | D69: 68 | E69: NA | F69: 46 | G69: 22 | H69: 32000 | I69: Terraplaza
A70: 7 | B70: FEBRERO | C70: 2018 | D70: 46 | E70: NA | F70: 31.5 | G70: 14.5 | H70: 32000 | I70: Terraplaza
A71: 8 | B71: FEBRERO | C71: 2018 | D71: 31.5 | E71: 120 | F71: 122.5 | G71: 29 | H71: 32000 | I71: Terraplaza
A72: 9 | B72: FEBRERO | C72: 2018 | D72: 122.5 | E72: NA | F72: 89 | G72: 33.5 | H72: 32000 | I72: Terraplaza
A73: 10 | B73: FEBRERO | C73: 2018 | D73: 89 | E73: NA | F73: 56 | G73: 33 | H73: 32000 | I73: Terraplaza
A74: 11 | B74: FEBRERO | C74: 2018 | D74: 56 | E74: NA | F74: 46 | G74: 10 | H74: 32000 | I74: Terraplaza
A75: 12 | B75: FEBRERO | C75: 2018 | D75: 46 | E75: NA | F75: 30 | G75: 16 | H75: 32000 | I75: Terraplaza
A76: 13 | B76: FEBRERO | C76: 2018 | D76: 30 | E76: 120 | F76: 134 | G76: 16 | H76: 32000 | I76: Terraplaza
A77: 14 | B77: FEBRERO | C77: 2018 | D77: 134 | E77: NA | F77: 116.5 | G77: 17.5 | H77: 32000 | I77: Terraplaza
A78: 15 | B78: FEBRERO | C78: 2018 | D78: 116.5 | E78: NA | F78: 95 | G78: 21.5 | H78: 32000 | I78: Terraplaza
A79: 16 | B79: FEBRERO | C79: 2018 | D79: 95 | E79: NA | F79: 59.5 | G79: 35.5 | H79: 32000 | I79: Terraplaza
A80: 17 | B80: FEBRERO | C80: 2018 | D80: 59.5 | E80: NA | F80: 21.25 | G80: 38.25 | H80: 32000 | I80: Terraplaza
A81: 18 | B81: FEBRERO | C81: 2018 | D81: 21.25 | E81: 60 | F81: 74 | G81: 7.25 | H81: 32000 | I81: Terraplaza
A82: 19 | B82: FEBRERO | C82: 2018 | D82: 74 | E82: NA | F82: 60.5 | G82: 13.5 | H82: 32000 | I82: Terraplaza
A83: 20 | B83: FEBRERO | C83: 2018 | D83: 60.5 | E83: NA | F83: 46 | G83: 14.5 | H83: 32000 | I83: Terraplaza
A84: 21 | B84: FEBRERO | C84: 2018 | D84: 46 | E84: NA | F84: 31.625 | G84: 14.375 | H84: 32000 | I84: Terraplaza
A85: 22 | B85: FEBRERO | C85: 2018 | D85: 31.625 | E85: NA | F85: 12.5 | G85: 19.125 | H85: 32000 | I85: Terraplaza
A86: 23 | B86: FEBRERO | C86: 2018 | D86: 12.5 | E86: 100 | F86: 85.25 | G86: 27.25 | H86: 32000 | I86: Terraplaza
A87: 24 | B87: FEBRERO | C87: 2018 | D87: 85.25 | E87: NA | F87: 43.25 | G87: 42 | H87: 32000 | I87: Terraplaza
A88: 25 | B88: FEBRERO | C88: 2018 | D88: 43.25 | E88: NA | F88: 33.5 | G88: 9.75 | H88: 32000 | I88: Terraplaza
A89: 26 | B89: SEPTIEMBRE | C89: 2018 | D89: 33.5 | E89: NA | F89: 19.75 | G89: 13.75 | H89: 32000 | I89: Terraplaza
A90: 27 | B90: FEBRERO | C90: 2018 | D90: 19.75 | E90: 120 | F90: 124.25 | G90: 15.5 | H90: 32000 | I90: Terraplaza
A91: 28 | B91: FEBRERO | C91: 2018 | D91: 124.25 | E91: NA | F91: 99 | G91: 25.25 | H91: 32000 | I91: Terraplaza
A92: 1 | B92: FEBRERO | C92: 2019 | D92: 59.5 | E92: 70 | F92: 46.5 | G92: 83 | H92: 32000 | I92: Torres
A93: 2 | B93: FEBRERO | C93: 2019 | D93: 46.5 | E93: 105 | F93: 74.5 | G93: 77 | H93: 32000 | I93: Torres
A94: 3 | B94: FEBRERO | C94: 2019 | D94: 74.5 | E94: 73 | F94: 46 | G94: 101.5 | H94: 32000 | I94: Torres
A95: 4 | B95: FEBRERO | C95: 2019 | D95: 46 | E95: 20 | F95: 19.25 | G95: 46.75 | H95: 32000 | I95: Torres
A96: 5 | B96: FEBRERO | C96: 2019 | D96: 19.25 | E96: 72 | F96: 53 | G96: 38.25 | H96: 32000 | I96: Torres
A97: 6 | B97: FEBRERO | C97: 2019 | D97: 53 | E97: NA | F97: 10.25 | G97: 42.75 | H97: 32000 | I97: Torres
A98: 7 | B98: FEBRERO | C98: 2019 | D98: 10.25 | E98: 70 | F98: 42 | G98: 38.25 | H98: 32000 | I98: Torres
A99: 8 | B99: FEBRERO | C99: 2019 | D99: 42 | E99: 56 | F99: 28 | G99: 70 | H99: 32000 | I99: Torres
A100: 9 | B100: FEBRERO | C100: 2019 | D100: 28 | E100: 106 | F100: 47 | G100: 87 | H100: 32000 | I100: Torres
A101: 10 | B101: FEBRERO | C101: 2019 | D101: 47 | E101: 112 | F101: 81 | G101: 78 | H101: 32000 | I101: Torres
...

Sheet Torres
A1: dia | B1: mes | C1: anio | D1: inventario_inicial_pizza | E1: entrada_pizza | F1: inventario_final_pizza | G1: Fecha | H1: venta_pizza | I1: precio_venta_pizza | J1: =DATE(2019,1,1) + ROW()-1 -> 43466 | K1: =VLOOKUP(J1, G:H, 2, FALSE) -> 103.5
A2: 1 | B2: ENERO | C2: 2019 | D2: 111 | E2: 120 | F2: 127.5 | G2: =DATE(C2, CHOOSE(MATCH(UPPER(B2), {"ENERO","FEBRERO","MARZO","ABRIL","MAYO","JUNIO","JULIO","AGOSTO","SEPTIEMBRE","OCTUBRE","NOVIEMBRE","DICIEMBRE"}, 0), 1,2,3,4,5,6,7,8,9,10,11,12), A2) -> 43466 | H2: 103.5 | I2: 32000 | J2: =DATE(2019,1,1) + ROW()-1 -> 43467 | K2: =VLOOKUP(J2, G:H, 2, FALSE) -> 79.5
A3: 2 | B3: ENERO | C3: 2019 | D3: 127.5 | E3: 41 | F3: 89 | G3: =DATE(C3, CHOOSE(MATCH(UPPER(B3), {"ENERO","FEBRERO","MARZO","ABRIL","MAYO","JUNIO","JULIO","AGOSTO","SEPTIEMBRE","OCTUBRE","NOVIEMBRE","DICIEMBRE"}, 0), 1,2,3,4,5,6,7,8,9,10,11,12), A3) -> 43467 | H3: 79.5 | I3: 32000 | J3: =DATE(2019,1,1) + ROW()-1 -> 43468 | K3: =VLOOKUP(J3, G:H, 2, FALSE) -> 89
A4: 3 | B4: ENERO | C4: 2019 | D4: 89 | E4: NA | F4: 0 | G4: =DATE(C4, CHOOSE(MATCH(UPPER(B4), {"ENERO","FEBRERO","MARZO","ABRIL","MAYO","JUNIO","JULIO","AGOSTO","SEPTIEMBRE","OCTUBRE","NOVIEMBRE","DICIEMBRE"}, 0), 1,2,3,4,5,6,7,8,9,10,11,12), A4) -> 43468 | H4: 89 | I4: 32000 | J4: =DATE(2019,1,1) + ROW()-1 -> 43469 | K4: =VLOOKUP(J4, G:H, 2, FALSE) -> 67.5
A5: 4 | B5: ENERO | C5: 2019 | D5: 0 | E5: 70 | F5: 2.5 | G5: =DATE(C5, CHOOSE(MATCH(UPPER(B5), {"ENERO","FEBRERO","MARZO","ABRIL","MAYO","JUNIO","JULIO","AGOSTO","SEPTIEMBRE","OCTUBRE","NOVIEMBRE","DICIEMBRE"}, 0), 1,2,3,4,5,6,7,8,9,10,11,12), A5) -> 43469 | H5: 67.5 | I5: 32000 | J5: =DATE(2019,1,1) + ROW()-1 -> 43470 | K5: =VLOOKUP(J5, G:H, 2, FALSE) -> 88.5
A6: 5 | B6: ENERO | C6: 2019 | D6: 2.5 | E6: 100 | F6: 14 | G6: =DATE(C6, CHOOSE(MATCH(UPPER(B6), {"ENERO","FEBRERO","MARZO","ABRIL","MAYO","JUNIO","JULIO","AGOSTO","SEPTIEMBRE","OCTUBRE","NOVIEMBRE","DICIEMBRE"}, 0), 1,2,3,4,5,6,7,8,9,10,11,12), A6) -> 43470 | H6: 88.5 | I6: 32000 | J6: =DATE(2019,1,1) + ROW()-1 -> 43471 | K6: =VLOOKUP(J6, G:H, 2, FALSE) -> 72
A7: 6 | B7: ENERO | C7: 2019 | D7: 14 | E7: 95 | F7: 37 | G7: =DATE(C7, CHOOSE(MATCH(UPPER(B7), {"ENERO","FEBRERO","MARZO","ABRIL","MAYO","JUNIO","JULIO","AGOSTO","SEPTIEMBRE","OCTUBRE","NOVIEMBRE","DICIEMBRE"}, 0), 1,2,3,4,5,6,7,8,9,10,11,12), A7) -> 43471 | H7: 72 | I7: 32000 | J7: =DATE(2019,1,1) + ROW()-1 -> 43472 | K7: =VLOOKUP(J7, G:H, 2, FALSE) -> 87
A8: 7 | B8: ENERO | C8: 2019 | D8: 37 | E8: 80 | F8: 30 | G8: =DATE(C8, CHOOSE(MATCH(UPPER(B8), {"ENERO","FEBRERO","MARZO","ABRIL","MAYO","JUNIO","JULIO","AGOSTO","SEPTIEMBRE","OCTUBRE","NOVIEMBRE","DICIEMBRE"}, 0), 1,2,3,4,5,6,7,8,9,10,11,12), A8) -> 43472 | H8: 87 | I8: 32000 | J8: =DATE(2019,1,1) + ROW()-1 -> 43473 | K8: =VLOOKUP(J8, G:H, 2, FALSE) -> 60
A9: 8 | B9: ENERO | C9: 2019 | D9: 30 | E9: 154 | F9: 124 | G9: =DATE(C9, CHOOSE(MATCH(UPPER(B9), {"ENERO","FEBRERO","MARZO","ABRIL","MAYO","JUNIO","JULIO","AGOSTO","SEPTIEMBRE","OCTUBRE","NOVIEMBRE","DICIEMBRE"}, 0), 1,2,3,4,5,6,7,8,9,10,11,12), A9) -> 43473 | H9: 60 | I9: 32000 | J9: =DATE(2019,1,1) + ROW()-1 -> 43474 | K9: =VLOOKUP(J9, G:H, 2, FALSE) -> 62
A10: 9 | B10: ENERO | C10: 2019 | D10: 124 | E10: -46 | F10: 16 | G10: =DATE(C10, CHOOSE(MATCH(UPPER(B10), {"ENERO","FEBRERO","MARZO","ABRIL","MAYO","JUNIO","JULIO","AGOSTO","SEPTIEMBRE","OCTUBRE","NOVIEMBRE","DICIEMBRE"}, 0), 1,2,3,4,5,6,7,8,9,10,11,12), A10) -> 43474 | H10: 62 | I10: 32000 | J10: =DATE(2019,1,1) + ROW()-1 -> 43475 | K10: =VLOOKUP(J10, G:H, 2, FALSE) -> 60
A11: 10 | B11: ENERO | C11: 2019 | D11: 16 | E11: 106 | F11: 62 | G11: =DATE(C11, CHOOSE(MATCH(UPPER(B11), {"ENERO","FEBRERO","MARZO","ABRIL","MAYO","JUNIO","JULIO","AGOSTO","SEPTIEMBRE","OCTUBRE","NOVIEMBRE","DICIEMBRE"}, 0), 1,2,3,4,5,6,7,8,9,10,11,12), A11) -> 43475 | H11: 60 | I11: 32000 | J11: =DATE(2019,1,1) + ROW()-1 -> 43476 | K11: =VLOOKUP(J11, G:H, 2, FALSE) -> 72.5
A12: 11 | B12: ENERO | C12: 2019 | D12: 62 | E12: 71 | F12: 60.5 | G12: =DATE(C12, CHOOSE(MATCH(UPPER(B12), {"ENERO","FEBRERO","MARZO","ABRIL","MAYO","JUNIO","JULIO","AGOSTO","SEPTIEMBRE","OCTUBRE","NOVIEMBRE","DICIEMBRE"}, 0), 1,2,3,4,5,6,7,8,9,10,11,12), A12) -> 43476 | H12: 72.5 | I12: 32000 | J12: =DATE(2019,1,1) + ROW()-1 -> 43477 | K12: =VLOOKUP(J12, G:H, 2, FALSE) -> 72.5
A13: 12 | B13: ENERO | C13: 2019 | D13: 60.5 | E13: 81 | F13: 69 | G13: =DATE(C13, CHOOSE(MATCH(UPPER(B13), {"ENERO","FEBRERO","MARZO","ABRIL","MAYO","JUNIO","JULIO","AGOSTO","SEPTIEMBRE","OCTUBRE","NOVIEMBRE","DICIEMBRE"}, 0), 1,2,3,4,5,6,7,8,9,10,11,12), A13) -> 43477 | H13: 72.5 | I13: 32000 | J13: =DATE(2019,1,1) + ROW()-1 -> 43478 | K13: =VLOOKUP(J13, G:H, 2, FALSE) -> 83.5
A14: 13 | B14: ENERO | C14: 2019 | D14: 69 | E14: 72 | F14: 57.5 | G14: =DATE(C14, CHOOSE(MATCH(UPPER(B14), {"ENERO","FEBRERO","MARZO","ABRIL","MAYO","JUNIO","JULIO","AGOSTO","SEPTIEMBRE","OCTUBRE","NOVIEMBRE","DICIEMBRE"}, 0), 1,2,3,4,5,6,7,8,9,10,11,12), A14) -> 43478 | H14: 83.5 | I14: 32000 | J14: =DATE(2019,1,1) + ROW()-1 -> 43479 | K14: =VLOOKUP(J14, G:H, 2, FALSE) -> 58
A15: 14 | B15: ENERO | C15: 2019 | D15: 57.5 | E15: 112 | F15: 111.5 | G15: =DATE(C15, CHOOSE(MATCH(UPPER(B15), {"ENERO","FEBRERO","MARZO","ABRIL","MAYO","JUNIO","JULIO","AGOSTO","SEPTIEMBRE","OCTUBRE","NOVIEMBRE","DICIEMBRE"}, 0), 1,2,3,4,5,6,7,8,9,10,11,12), A15) -> 43479 | H15: 58 | I15: 32000 | J15: =DATE(2019,1,1) + ROW()-1 -> 43480 | K15: =VLOOKUP(J15, G:H, 2, FALSE) -> 59
A16: 15 | B16: ENERO | C16: 2019 | D16: 111.5 | E16: -30 | F16: 22.5 | G16: =DATE(C16, CHOOSE(MATCH(UPPER(B16), {"ENERO","FEBRERO","MARZO","ABRIL","MAYO","JUNIO","JULIO","AGOSTO","SEPTIEMBRE","OCTUBRE","NOVIEMBRE","DICIEMBRE"}, 0), 1,2,3,4,5,6,7,8,9,10,11,12), A16) -> 43480 | H16: 59 | I16: 32000 | J16: =DATE(2019,1,1) + ROW()-1 -> 43481 | K16: =VLOOKUP(J16, G:H, 2, FALSE) -> 62
... A18: 17 | B18: ENERO | C18: 2019 | D18: 22.5 | E18: 64 | F18: 42 | G18: =DATE(C18, CHOOSE(MATCH(UPPER(B18), {"ENERO","FEBRERO","MARZO","ABRIL","MAYO","JUNIO","JULIO","AGOSTO","SEPTIEMBRE","OCTUBRE","NOVIEMBRE","DICIEMBRE"}, 0), 1,2,3,4,5,6,7,8,9,10,11,12), A18) -> 43482 | H18: 44.5 | I18: 32000 | J18: =DATE(2019,1,1) + ROW()-1 -> 43483 | K18: =VLOOKUP(J18, G:H, 2, FALSE) -> 0
A19: 18 | B19: ENERO | C19: 2019 | D19: NA | E19: NA | F19: NA | G19: =DATE(C19, CHOOSE(MATCH(UPPER(B19), {"ENERO","FEBRERO","MARZO","ABRIL","MAYO","JUNIO","JULIO","AGOSTO","SEPTIEMBRE","OCTUBRE","NOVIEMBRE","DICIEMBRE"}, 0), 1,2,3,4,5,6,7,8,9,10,11,12), A19) -> 43483 | H19: 0 | I19: NA | J19: =DATE(2019,1,1) + ROW()-1 -> 43484 | K19: =VLOOKUP(J19, G:H, 2, FALSE) -> 100.25
A20: 19 | B20: ENERO | C20: 2019 | D20: 24 | E20: 116 | F20: 39.75 | G20: =DATE(C20, CHOOSE(MATCH(UPPER(B20), {"ENERO","FEBRERO","MARZO","ABRIL","MAYO","JUNIO","JULIO","AGOSTO","SEPTIEMBRE","OCTUBRE","NOVIEMBRE","DICIEMBRE"}, 0), 1,2,3,4,5,6,7,8,9,10,11,12), A20) -> 43484 | H20: 100.25 | I20: 32000 | J20: =DATE(2019,1,1) + ROW()-1 -> 43485 | K20: =VLOOKUP(J20, G:H, 2, FALSE) -> 84.25
A21: 20 | B21: ENERO | C21: 2019 | D21: 39.75 | E21: 175 | F21: 130.5 | G21: =DATE(C21, CHOOSE(MATCH(UPPER(B21), {"ENERO","FEBRERO","MARZO","ABRIL","MAYO","JUNIO","JULIO","AGOSTO","SEPTIEMBRE","OCTUBRE","NOVIEMBRE","DICIEMBRE"}, 0), 1,2,3,4,5,6,7,8,9,10,11,12), A21) -> 43485 | H21: 84.25 | I21: 32000 | J21: =DATE(2019,1,1) + ROW()-1 -> 43486 | K21: =VLOOKUP(J21, G:H, 2, FALSE) -> 57
A22: 21 | B22: ENERO | C22: 2019 | D22: 130.5 | E22: -15 | F22: 58.5 | G22: =DATE(C22, CHOOSE(MATCH(UPPER(B22), {"ENERO","FEBRERO","MARZO","ABRIL","MAYO","JUNIO","JULIO","AGOSTO","SEPTIEMBRE","OCTUBRE","NOVIEMBRE","DICIEMBRE"}, 0), 1,2,3,4,5,6,7,8,9,10,11,12), A22) -> 43486 | H22: 57 | I22: 32000 | J22: =DATE(2019,1,1) + ROW()-1 -> 43487 | K22: =VLOOKUP(J22, G:H, 2, FALSE) -> 45.5
A23: 22 | B23: ENERO | C23: 2019 | D23: 58.5 | E23: 175 | F23: 188 | G23: =DATE(C23, CHOOSE(MATCH(UPPER(B23), {"ENERO","FEBRERO","MARZO","ABRIL","MAYO","JUNIO","JULIO","AGOSTO","SEPTIEMBRE","OCTUBRE","NOVIEMBRE","DICIEMBRE"}, 0), 1,2,3,4,5,6,7,8,9,10,11,12), A23) -> 43487 | H23: 45.5 | I23: 32000 | J23: =DATE(2019,1,1) + ROW()-1 -> 43488 | K23: =VLOOKUP(J23, G:H, 2, FALSE) -> 50
A24: 23 | B24: ENERO | C24: 2019 | D24: 188 | E24: NA | F24: 138 | G24: =DATE(C24, CHOOSE(MATCH(UPPER(B24), {"ENERO","FEBRERO","MARZO","ABRIL","MAYO","JUNIO","JULIO","AGOSTO","SEPTIEMBRE","OCTUBRE","NOVIEMBRE","DICIEMBRE"}, 0), 1,2,3,4,5,6,7,8,9,10,11,12), A24) -> 43488 | H24: 50 | I24: 32000 | J24: =DATE(2019,1,1) + ROW()-1 -> 43489 | K24: =VLOOKUP(J24, G:H, 2, FALSE) -> 42.5
A25: 24 | B25: ENERO | C25: 2019 | D25: 138 | E25: 57 | F25: 152.5 | G25: =DATE(C25, CHOOSE(MATCH(UPPER(B25), {"ENERO","FEBRERO","MARZO","ABRIL","MAYO","JUNIO","JULIO","AGOSTO","SEPTIEMBRE","OCTUBRE","NOVIEMBRE","DICIEMBRE"}, 0), 1,2,3,4,5,6,7,8,9,10,11,12), A25) -> 43489 | H25: 42.5 | I25: 32000 | J25: =DATE(2019,1,1) + ROW()-1 -> 43490 | K25: =VLOOKUP(J25, G:H, 2, FALSE) -> 62.75
A26: 25 | B26: ENERO | C26: 2019 | D26: 152.5 | E26: NA | F26: 89.75 | G26: =DATE(C26, CHOOSE(MATCH(UPPER(B26), {"ENERO","FEBRERO","MARZO","ABRIL","MAYO","JUNIO","JULIO","AGOSTO","SEPTIEMBRE","OCTUBRE","NOVIEMBRE","DICIEMBRE"}, 0), 1,2,3,4,5,6,7,8,9,10,11,12), A26) -> 43490 | H26: 62.75 | I26: 32000 | J26: =DATE(2019,1,1) + ROW()-1 -> 43491 | K26: =VLOOKUP(J26, G:H, 2, FALSE) -> 72.75
A27: 26 | B27: ENERO | C27: 2019 | D27: 89.75 | E27: 105 | F27: 122 | G27: =DATE(C27, CHOOSE(MATCH(UPPER(B27), {"ENERO","FEBRERO","MARZO","ABRIL","MAYO","JUNIO","JULIO","AGOSTO","SEPTIEMBRE","OCTUBRE","NOVIEMBRE","DICIEMBRE"}, 0), 1,2,3,4,5,6,7,8,9,10,11,12), A27) -> 43491 | H27: 72.75 | I27: 32000 | J27: =DATE(2019,1,1) + ROW()-1 -> 43492 | K27: =VLOOKUP(J27, G:H, 2, FALSE) -> 70
A28: 27 | B28: ENERO | C28: 2019 | D28: 122 | E28: 108 | F28: 160 | G28: =DATE(C28, CHOOSE(MATCH(UPPER(B28), {"ENERO","FEBRERO","MARZO","ABRIL","MAYO","JUNIO","JULIO","AGOSTO","SEPTIEMBRE","OCTUBRE","NOVIEMBRE","DICIEMBRE"}, 0), 1,2,3,4,5,6,7,8,9,10,11,12), A28) -> 43492 | H28: 70 | I28: 32000 | J28: =DATE(2019,1,1) + ROW()-1 -> 43493 | K28: =VLOOKUP(J28, G:H, 2, FALSE) -> 34
A29: 28 | B29: ENERO | C29: 2019 | D29: 160 | E29: 55 | F29: 181 | G29: =DATE(C29, CHOOSE(MATCH(UPPER(B29), {"ENERO","FEBRERO","MARZO","ABRIL","MAYO","JUNIO","JULIO","AGOSTO","SEPTIEMBRE","OCTUBRE","NOVIEMBRE","DICIEMBRE"}, 0), 1,2,3,4,5,6,7,8,9,10,11,12), A29) -> 43493 | H29: 34 | I29: 32000 | J29: =DATE(2019,1,1) + ROW()-1 -> 43494 | K29: =VLOOKUP(J29, G:H, 2, FALSE) -> 43
A30: 29 | B30: ENERO | C30: 2019 | D30: 181 | E30: 106 | F30: 244 | G30: =DATE(C30, CHOOSE(MATCH(UPPER(B30), {"ENERO","FEBRERO","MARZO","ABRIL","MAYO","JUNIO","JULIO","AGOSTO","SEPTIEMBRE","OCTUBRE","NOVIEMBRE","DICIEMBRE"}, 0), 1,2,3,4,5,6,7,8,9,10,11,12), A30) -> 43494 | H30: 43 | I30: 32000 | J30: =DATE(2019,1,1) + ROW()-1 -> 43495 | K30: =VLOOKUP(J30, G:H, 2, FALSE) -> 47.625
A31: 30 | B31: ENERO | C31: 2019 | D31: 244 | E31: 35 | F31: 231.375 | G31: =DATE(C31, CHOOSE(MATCH(UPPER(B31), {"ENERO","FEBRERO","MARZO","ABRIL","MAYO","JUNIO","JULIO","AGOSTO","SEPTIEMBRE","OCTUBRE","NOVIEMBRE","DICIEMBRE"}, 0), 1,2,3,4,5,6,7,8,9,10,11,12), A31) -> 43495 | H31: 47.625 | I31: 32000 | J31: =DATE(2019,1,1) + ROW()-1 -> 43496 | K31: =VLOOKUP(J31, G:H, 2, FALSE) -> 68.875
A32: 31 | B32: ENERO | C32: 2019 | D32: 231.375 | E32: -103 | F32: 59.5 | G32: =DATE(C32, CHOOSE(MATCH(UPPER(B32), {"ENERO","FEBRERO","MARZO","ABRIL","MAYO","JUNIO","JULIO","AGOSTO","SEPTIEMBRE","OCTUBRE","NOVIEMBRE","DICIEMBRE"}, 0), 1,2,3,4,5,6,7,8,9,10,11,12), A32) -> 43496 | H32: 68.875 | I32: 32000 | J32: =DATE(2019,1,1) + ROW()-1 -> 43497 | K32: =VLOOKUP(J32, G:H, 2, FALSE) -> 83
A33: 1 | B33: FEBRERO | C33: 2019 | D33: 59.5 | E33: 70 | F33: 46.5 | G33: =DATE(C33, CHOOSE(MATCH(UPPER(B33), {"ENERO","FEBRERO","MARZO","ABRIL","MAYO","JUNIO","JULIO","AGOSTO","SEPTIEMBRE","OCTUBRE","NOVIEMBRE","DICIEMBRE"}, 0), 1,2,3,4,5,6,7,8,9,10,11,12), A33) -> 43497 | H33: 83 | I33: 32000 | J33: =DATE(2019,1,1) + ROW()-1 -> 43498 | K33: =VLOOKUP(J33, G:H, 2, FALSE) -> 77
A34: 2 | B34: FEBRERO | C34: 2019 | D34: 46.5 | E34: 105 | F34: 74.5 | G34: =DATE(C34, CHOOSE(MATCH(UPPER(B34), {"ENERO","FEBRERO","MARZO","ABRIL","MAYO","JUNIO","JULIO","AGOSTO","SEPTIEMBRE","OCTUBRE","NOVIEMBRE","DICIEMBRE"}, 0), 1,2,3,4,5,6,7,8,9,10,11,12), A34) -> 43498 | H34: 77 | I34: 32000 | J34: =DATE(2019,1,1) + ROW()-1 -> 43499 | K34: =VLOOKUP(J34, G:H, 2, FALSE) -> 101.5
A35: 3 | B35: FEBRERO | C35: 2019 | D35: 74.5 | E35: 73 | F35: 46 | G35: =DATE(C35, CHOOSE(MATCH(UPPER(B35), {"ENERO","FEBRERO","MARZO","ABRIL","MAYO","JUNIO","JULIO","AGOSTO","SEPTIEMBRE","OCTUBRE","NOVIEMBRE","DICIEMBRE"}, 0), 1,2,3,4,5,6,7,8,9,10,11,12), A35) -> 43499 | H35: 101.5 | I35: 32000 | J35: =DATE(2019,1,1) + ROW()-1 -> 43500 | K35: =VLOOKUP(J35, G:H, 2, FALSE) -> 46.75
A36: 4 | B36: FEBRERO | C36: 2019 | D36: 46 | E36: 20 | F36: 19.25 | G36: =DATE(C36, CHOOSE(MATCH(UPPER(B36), {"ENERO","FEBRERO","MARZO","ABRIL","MAYO","JUNIO","JULIO","AGOSTO","SEPTIEMBRE","OCTUBRE","NOVIEMBRE","DICIEMBRE"}, 0), 1,2,3,4,5,6,7,8,9,10,11,12), A36) -> 43500 | H36: 46.75 | I36: 32000 | J36: =DATE(2019,1,1) + ROW()-1 -> 43501 | K36: =VLOOKUP(J36, G:H, 2, FALSE) -> 38.25
A37: 5 | B37: FEBRERO | C37: 2019 | D37: 19.25 | E37: 72 | F37: 53 | G37: =DATE(C37, CHOOSE(MATCH(UPPER(B37), {"ENERO","FEBRERO","MARZO","ABRIL","MAYO","JUNIO","JULIO","AGOSTO","SEPTIEMBRE","OCTUBRE","NOVIEMBRE","DICIEMBRE"}, 0), 1,2,3,4,5,6,7,8,9,10,11,12), A37) -> 43501 | H37: 38.25 | I37: 32000 | J37: =DATE(2019,1,1) + ROW()-1 -> 43502 | K37: =VLOOKUP(J37, G:H, 2, FALSE) -> 42.75
A38: 6 | B38: FEBRERO | C38: 2019 | D38: 53 | E38: NA | F38: 10.25 | G38: =DATE(C38, CHOOSE(MATCH(UPPER(B38), {"ENERO","FEBRERO","MARZO","ABRIL","MAYO","JUNIO","JULIO","AGOSTO","SEPTIEMBRE","OCTUBRE","NOVIEMBRE","DICIEMBRE"}, 0), 1,2,3,4,5,6,7,8,9,10,11,12), A38) -> 43502 | H38: 42.75 | I38: 32000 | J38: =DATE(2019,1,1) + ROW()-1 -> 43503 | K38: =VLOOKUP(J38, G:H, 2, FALSE) -> 38.25
A39: 7 | B39: FEBRERO | C39: 2019 | D39: 10.25 | E39: 70 | F39: 42 | G39: =DATE(C39, CHOOSE(MATCH(UPPER(B39), {"ENERO","FEBRERO","MARZO","ABRIL","MAYO","JUNIO","JULIO","AGOSTO","SEPTIEMBRE","OCTUBRE","NOVIEMBRE","DICIEMBRE"}, 0), 1,2,3,4,5,6,7,8,9,10,11,12), A39) -> 43503 | H39: 38.25 | I39: 32000 | J39: =DATE(2019,1,1) + ROW()-1 -> 43504 | K39: =VLOOKUP(J39, G:H, 2, FALSE) -> 70
A40: 8 | B40: FEBRERO | C40: 2019 | D40: 42 | E40: 56 | F40: 28 | G40: =DATE(C40, CHOOSE(MATCH(UPPER(B40), {"ENERO","FEBRERO","MARZO","ABRIL","MAYO","JUNIO","JULIO","AGOSTO","SEPTIEMBRE","OCTUBRE","NOVIEMBRE","DICIEMBRE"}, 0), 1,2,3,4,5,6,7,8,9,10,11,12), A40) -> 43504 | H40: 70 | I40: 32000 | J40: =DATE(2019,1,1) + ROW()-1 -> 43505 | K40: =VLOOKUP(J40, G:H, 2, FALSE) -> 87
A41: 9 | B41: FEBRERO | C41: 2019 | D41: 28 | E41: 106 | F41: 47 | G41: =DATE(C41, CHOOSE(MATCH(UPPER(B41), {"ENERO","FEBRERO","MARZO","ABRIL","MAYO","JUNIO","JULIO","AGOSTO","SEPTIEMBRE","OCTUBRE","NOVIEMBRE","DICIEMBRE"}, 0), 1,2,3,4,5,6,7,8,9,10,11,12), A41) -> 43505 | H41: 87 | I41: 32000 | J41: =DATE(2019,1,1) + ROW()-1 -> 43506 | K41: =VLOOKUP(J41, G:H, 2, FALSE) -> 78
A42: 10 | B42: FEBRERO | C42: 2019 | D42: 47 | E42: 112 | F42: 81 | G42: =DATE(C42, CHOOSE(MATCH(UPPER(B42), {"ENERO","FEBRERO","MARZO","ABRIL","MAYO","JUNIO","JULIO","AGOSTO","SEPTIEMBRE","OCTUBRE","NOVIEMBRE","DICIEMBRE"}, 0), 1,2,3,4,5,6,7,8,9,10,11,12), A42) -> 43506 | H42: 78 | I42: 32000 | J42: =DATE(2019,1,1) + ROW()-1 -> 43507 | K42: =VLOOKUP(J42, G:H, 2, FALSE) -> 34.25
A43: 11 | B43: FEBRERO | C43: 2019 | D43: 81 | E43: 73 | F43: 119.75 | G43: =DATE(C43, CHOOSE(MATCH(UPPER(B43), {"ENERO","FEBRERO","MARZO","ABRIL","MAYO","JUNIO","JULIO","AGOSTO","SEPTIEMBRE","OCTUBRE","NOVIEMBRE","DICIEMBRE"}, 0), 1,2,3,4,5,6,7,8,9,10,11,12), A43) -> 43507 | H43: 34.25 | I43: 32000 | J43: =DATE(2019,1,1) + ROW()-1 -> 43508 | K43: =VLOOKUP(J43, G:H, 2, FALSE) -> 44.5
A44: 12 | B44: FEBRERO | C44: 2019 | D44: 119.75 | E44: 107 | F44: 182.25 | G44: =DATE(C44, CHOOSE(MATCH(UPPER(B44), {"ENERO","FEBRERO","MARZO","ABRIL","MAYO","JUNIO","JULIO","AGOSTO","SEPTIEMBRE","OCTUBRE","NOVIEMBRE","DICIEMBRE"}, 0), 1,2,3,4,5,6,7,8,9,10,11,12), A44) -> 43508 | H44: 44.5 | I44: 32000 | J44: =DATE(2019,1,1) + ROW()-1 -> 43509 | K44: =VLOOKUP(J44, G:H, 2, FALSE) -> 46.25
A45: 13 | B45: FEBRERO | C45: 2019 | D45: 182.25 | E45: -120 | F45: 16 | G45: =DATE(C45, CHOOSE(MATCH(UPPER(B45), {"ENERO","FEBRERO","MARZO","ABRIL","MAYO","JUNIO","JULIO","AGOSTO","SEPTIEMBRE","OCTUBRE","NOVIEMBRE","DICIEMBRE"}, 0), 1,2,3,4,5,6,7,8,9,10,11,12), A45) -> 43509 | H45: 46.25 | I45: 32000 | J45: =DATE(2019,1,1) + ROW()-1 -> 43510 | K45: =VLOOKUP(J45, G:H, 2, FALSE) -> 54
A46: 14 | B46: FEBRERO | C46: 2019 | D46: 16 | E46: 72 | F46: 34 | G46: =DATE(C46, CHOOSE(MATCH(UPPER(B46), {"ENERO","FEBRERO","MARZO","ABRIL","MAYO","JUNIO","JULIO","AGOSTO","SEPTIEMBRE","OCTUBRE","NOVIEMBRE","DICIEMBRE"}, 0), 1,2,3,4,5,6,7,8,9,10,11,12), A46) -> 43510 | H46: 54 | I46: 32000 | J46: =DATE(2019,1,1) + ROW()-1 -> 43511 | K46: =VLOOKUP(J46, G:H, 2, FALSE) -> 61.5
A47: 15 | B47: FEBRERO | C47: 2019 | D47: 34 | E47: 176 | F47: 148.5 | G47: =DATE(C47, CHOOSE(MATCH(UPPER(B47), {"ENERO","FEBRERO","MARZO","ABRIL","MAYO","JUNIO","JULIO","AGOSTO","SEPTIEMBRE","OCTUBRE","NOVIEMBRE","DICIEMBRE"}, 0), 1,2,3,4,5,6,7,8,9,10,11,12), A47) -> 43511 | H47: 61.5 | I47: 32000 | J47: =DATE(2019,1,1) + ROW()-1 -> 43512 | K47: =VLOOKUP(J47, G:H, 2, FALSE) -> 94.5
A48: 16 | B48: FEBRERO | C48: 2019 | D48: 148.5 | E48: 70 | F48: 124 | G48: =DATE(C48, CHOOSE(MATCH(UPPER(B48), {"ENERO","FEBRERO","MARZO","ABRIL","MAYO","JUNIO","JULIO","AGOSTO","SEPTIEMBRE","OCTUBRE","NOVIEMBRE","DICIEMBRE"}, 0), 1,2,3,4,5,6,7,8,9,10,11,12), A48) -> 43512 | H48: 94.5 | I48: 32000 | J48: =DATE(2019,1,1) + ROW()-1 -> 43513 | K48: =VLOOKUP(J48, G:H, 2, FALSE) -> 83
A49: 17 | B49: FEBRERO | C49: 2019 | D49: 124 | E49: NA | F49: 41 | G49: =DATE(C49, CHOOSE(MATCH(UPPER(B49), {"ENERO","FEBRERO","MARZO","ABRIL","MAYO","JUNIO","JULIO","AGOSTO","SEPTIEMBRE","OCTUBRE","NOVIEMBRE","DICIEMBRE"}, 0), 1,2,3,4,5,6,7,8,9,10,11,12), A49) -> 43513 | H49: 83 | I49: 32000 | J49: =DATE(2019,1,1) + ROW()-1 -> 43514 | K49: =VLOOKUP(J49, G:H, 2, FALSE) -> 38
A50: 18 | B50: FEBRERO | C50: 2019 | D50: 41 | E50: 45 | F50: 48 | G50: =DATE(C50, CHOOSE(MATCH(UPPER(B50), {"ENERO","FEBRERO","MARZO","ABRIL","MAYO","JUNIO","JULIO","AGOSTO","SEPTIEMBRE","OCTUBRE","NOVIEMBRE","DICIEMBRE"}, 0), 1,2,3,4,5,6,7,8,9,10,11,12), A50) -> 43514 | H50: 38 | I50: 32000 | J50: =DATE(2019,1,1) + ROW()-1 -> 43515 | K50: =VLOOKUP(J50, G:H, 2, FALSE) -> 34
A51: 19 | B51: FEBRERO | C51: 2019 | D51: 48 | E51: 71 | F51: 85 | G51: =DATE(C51, CHOOSE(MATCH(UPPER(B51), {"ENERO","FEBRERO","MARZO","ABRIL","MAYO","JUNIO","JULIO","AGOSTO","SEPTIEMBRE","OCTUBRE","NOVIEMBRE","DICIEMBRE"}, 0), 1,2,3,4,5,6,7,8,9,10,11,12), A51) -> 43515 | H51: 34 | I51: 32000 | J51: =DATE(2019,1,1) + ROW()-1 -> 43516 | K51: =VLOOKUP(J51, G:H, 2, FALSE) -> 53
A52: 20 | B52: FEBRERO | C52: 2019 | D52: 85 | E52: 71 | F52: 103 | G52: =DATE(C52, CHOOSE(MATCH(UPPER(B52), {"ENERO","FEBRERO","MARZO","ABRIL","MAYO","JUNIO","JULIO","AGOSTO","SEPTIEMBRE","OCTUBRE","NOVIEMBRE","DICIEMBRE"}, 0), 1,2,3,4,5,6,7,8,9,10,11,12), A52) -> 43516 | H52: 53 | I52: 32000 | J52: =DATE(2019,1,1) + ROW()-1 -> 43517 | K52: =VLOOKUP(J52, G:H, 2, FALSE) -> 50
A53: 21 | B53: FEBRERO | C53: 2019 | D53: 103 | E53: 71 | F53: 124 | G53: =DATE(C53, CHOOSE(MATCH(UPPER(B53), {"ENERO","FEBRERO","MARZO","ABRIL","MAYO","JUNIO","JULIO","AGOSTO","SEPTIEMBRE","OCTUBRE","NOVIEMBRE","DICIEMBRE"}, 0), 1,2,3,4,5,6,7,8,9,10,11,12), A53) -> 43517 | H53: 50 | I53: 32000 | J53: =DATE(2019,1,1) + ROW()-1 -> 43518 | K53: =VLOOKUP(J53, G:H, 2, FALSE) -> 60.5
A54: 22 | B54: FEBRERO | C54: 2019 | D54: 124 | E54: 105 | F54: 168.5 | G54: =DATE(C54, CHOOSE(MATCH(UPPER(B54), {"ENERO","FEBRERO","MARZO","ABRIL","MAYO","JUNIO","JULIO","AGOSTO","SEPTIEMBRE","OCTUBRE","NOVIEMBRE","DICIEMBRE"}, 0), 1,2,3,4,5,6,7,8,9,10,11,12), A54) -> 43518 | H54: 60.5 | I54: 32000 | J54: =DATE(2019,1,1) + ROW()-1 -> 43519 | K54: =VLOOKUP(J54, G:H, 2, FALSE) -> 79.5
A55: 23 | B55: FEBRERO | C55: 2019 | D55: 168.5 | E55: -29 | F55: 60 | G55: =DATE(C55, CHOOSE(MATCH(UPPER(B55), {"ENERO","FEBRERO","MARZO","ABRIL","MAYO","JUNIO","JULIO","AGOSTO","SEPTIEMBRE","OCTUBRE","NOVIEMBRE","DICIEMBRE"}, 0), 1,2,3,4,5,6,7,8,9,10,11,12), A55) -> 43519 | H55: 79.5 | I55: 32000 | J55: =DATE(2019,1,1) + ROW()-1 -> 43520 | K55: =VLOOKUP(J55, G:H, 2, FALSE) -> 74
A56: 24 | B56: FEBRERO | C56: 2019 | D56: 60 | E56: 72 | F56: 58 | G56: =DATE(C56, CHOOSE(MATCH(UPPER(B56), {"ENERO","FEBRERO","MARZO","ABRIL","MAYO","JUNIO","JULIO","AGOSTO","SEPTIEMBRE","OCTUBRE","NOVIEMBRE","DICIEMBRE"}, 0), 1,2,3,4,5,6,7,8,9,10,11,12), A56) -> 43520 | H56: 74 | I56: 32000 | J56: =DATE(2019,1,1) + ROW()-1 -> 43521 | K56: =VLOOKUP(J56, G:H, 2, FALSE) -> 44.25
A57: 25 | B57: FEBRERO | C57: 2019 | D57: 58 | E57: 70 | F57: 83.75 | G57: =DATE(C57, CHOOSE(MATCH(UPPER(B57), {"ENERO","FEBRERO","MARZO","ABRIL","MAYO","JUNIO","JULIO","AGOSTO","SEPTIEMBRE","OCTUBRE","NOVIEMBRE","DICIEMBRE"}, 0), 1,2,3,4,5,6,7,8,9,10,11,12), A57) -> 43521 | H57: 44.25 | I57: 32000 | J57: =DATE(2019,1,1) + ROW()-1 -> 43522 | K57: =VLOOKUP(J57, G:H, 2, FALSE) -> 42.25
A58: 26 | B58: FEBRERO | C58: 2019 | D58: 83.75 | E58: 71 | F58: 112.5 | G58: =DATE(C58, CHOOSE(MATCH(UPPER(B58), {"ENERO","FEBRERO","MARZO","ABRIL","MAYO","JUNIO","JULIO","AGOSTO","SEPTIEMBRE","OCTUBRE","NOVIEMBRE","DICIEMBRE"}, 0), 1,2,3,4,5,6,7,8,9,10,11,12), A58) -> 43522 | H58: 42.25 | I58: 32000 | J58: =DATE(2019,1,1) + ROW()-1 -> 43523 | K58: =VLOOKUP(J58, G:H, 2, FALSE) -> 50.5
A59: 27 | B59: FEBRERO | C59: 2019 | D59: 112.5 | E59: -13 | F59: 49 | G59: =DATE(C59, CHOOSE(MATCH(UPPER(B59), {"ENERO","FEBRERO","MARZO","ABRIL","MAYO","JUNIO","JULIO","AGOSTO","SEPTIEMBRE","OCTUBRE","NOVIEMBRE","DICIEMBRE"}, 0), 1,2,3,4,5,6,7,8,9,10,11,12), A59) -> 43523 | H59: 50.5 | I59: 32000 | J59: =DATE(2019,1,1) + ROW()-1 -> 43524 | K59: =VLOOKUP(J59, G:H, 2, FALSE) -> 51.5
A60: 28 | B60: FEBRERO | C60: 2019 | D60: 49 | E60: 70 | F60: 67.5 | G60: =DATE(C60, CHOOSE(MATCH(UPPER(B60), {"ENERO","FEBRERO","MARZO","ABRIL","MAYO","JUNIO","JULIO","AGOSTO","SEPTIEMBRE","OCTUBRE","NOVIEMBRE","DICIEMBRE"}, 0), 1,2,3,4,5,6,7,8,9,10,11,12), A60) -> 43524 | H60: 51.5 | I60: 32000 | J60: =DATE(2019,1,1) + ROW()-1 -> 43525 | K60: =VLOOKUP(J60, G:H, 2, FALSE) -> 73.625
A61: 1 | B61: MARZO | C61: 2019 | D61: 67.5 | E61: 71 | F61: 64.875 | G61: =DATE(C61, CHOOSE(MATCH(UPPER(B61), {"ENERO","FEBRERO","MARZO","ABRIL","MAYO","JUNIO","JULIO","AGOSTO","SEPTIEMBRE","OCTUBRE","NOVIEMBRE","DICIEMBRE"}, 0), 1,2,3,4,5,6,7,8,9,10,11,12), A61) -> 43525 | H61: 73.625 | I61: 36000 | J61: =DATE(2019,1,1) + ROW()-1 -> 43526 | K61: =VLOOKUP(J61, G:H, 2, FALSE) -> 74.875
... A70: 10 | B70: MARZO | C70: 2019 | D70: 34.5 | E70: 141 | F70: 105 | G70: =DATE(C70, CHOOSE(MATCH(UPPER(B70), {"ENERO","FEBRERO","MARZO","ABRIL","MAYO","JUNIO","JULIO","AGOSTO","SEPTIEMBRE","OCTUBRE","NOVIEMBRE","DICIEMBRE"}, 0), 1,2,3,4,5,6,7,8,9,10,11,12), A70) -> 43534 | H70: 70.5 | I70: 36000 | J70: =DATE(2019,1,1) + ROW()-1 -> 43535 | K70: =VLOOKUP(J70, G:H, 2, FALSE) -> 39.25
A71: 11 | B71: MARZO | C71: 2019 | D71: 105 | E71: NA | F71: 65.75 | G71: =DATE(C71, CHOOSE(MATCH(UPPER(B71), {"ENERO","FEBRERO","MARZO","ABRIL","MAYO","JUNIO","JULIO","AGOSTO","SEPTIEMBRE","OCTUBRE","NOVIEMBRE","DICIEMBRE"}, 0), 1,2,3,4,5,6,7,8,9,10,11,12), A71) -> 43535 | H71: 39.25 | I71: 36000 | J71: =DATE(2019,1,1) + ROW()-1 -> 43536 | K71: =VLOOKUP(J71, G:H, 2, FALSE) -> 42.25
A72: 12 | B72: MARZO | C72: 2019 | D72: 65.75 | E72: 105 | F72: 128.5 | G72: =DATE(C72, CHOOSE(MATCH(UPPER(B72), {"ENERO","FEBRERO","MARZO","ABRIL","MAYO","JUNIO","JULIO","AGOSTO","SEPTIEMBRE","OCTUBRE","NOVIEMBRE","DICIEMBRE"}, 0), 1,2,3,4,5,6,7,8,9,10,11,12), A72) -> 43536 | H72: 42.25 | I72: 36000 | J72: =DATE(2019,1,1) + ROW()-1 -> 43537 | K72: =VLOOKUP(J72, G:H, 2, FALSE) -> 33.5
A73: 13 | B73: MARZO | C73: 2019 | D73: 128.5 | E73: 70 | F73: 165 | G73: =DATE(C73, CHOOSE(MATCH(UPPER(B73), {"ENERO","FEBRERO","MARZO","ABRIL","MAYO","JUNIO","JULIO","AGOSTO","SEPTIEMBRE","OCTUBRE","NOVIEMBRE","DICIEMBRE"}, 0), 1,2,3,4,5,6,7,8,9,10,11,12), A73) -> 43537 | H73: 33.5 | I73: 36000 | J73: =DATE(2019,1,1) + ROW()-1 -> 43538 | K73: =VLOOKUP(J73, G:H, 2, FALSE) -> 38
A74: 14 | B74: MARZO | C74: 2019 | D74: 165 | E74: -15 | F74: 112 | G74: =DATE(C74, CHOOSE(MATCH(UPPER(B74), {"ENERO","FEBRERO","MARZO","ABRIL","MAYO","JUNIO","JULIO","AGOSTO","SEPTIEMBRE","OCTUBRE","NOVIEMBRE","DICIEMBRE"}, 0), 1,2,3,4,5,6,7,8,9,10,11,12), A74) -> 43538 | H74: 38 | I74: 36000 | J74: =DATE(2019,1,1) + ROW()-1 -> 43539 | K74: =VLOOKUP(J74, G:H, 2, FALSE) -> 67.5
A75: 15 | B75: MARZO | C75: 2019 | D75: 112 | E75: NA | F75: 44.5 | G75: =DATE(C75, CHOOSE(MATCH(UPPER(B75), {"ENERO","FEBRERO","MARZO","ABRIL","MAYO","JUNIO","JULIO","AGOSTO","SEPTIEMBRE","OCTUBRE","NOVIEMBRE","DICIEMBRE"}, 0), 1,2,3,4,5,6,7,8,9,10,11,12), A75) -> 43539 | H75: 67.5 | I75: 36000 | J75: =DATE(2019,1,1) + ROW()-1 -> 43540 | K75: =VLOOKUP(J75, G:H, 2, FALSE) -> 66
A76: 16 | B76: MARZO | C76: 2019 | D76: 44.5 | E76: 142 | F76: 120.5 | G76: =DATE(C76, CHOOSE(MATCH(UPPER(B76), {"ENERO","FEBRERO","MARZO","ABRIL","MAYO","JUNIO","JULIO","AGOSTO","SEPTIEMBRE","OCTUBRE","NOVIEMBRE","DICIEMBRE"}, 0), 1,2,3,4,5,6,7,8,9,10,11,12), A76) -> 43540 | H76: 66 | I76: 36000 | J76: =DATE(2019,1,1) + ROW()-1 -> 43541 | K76: =VLOOKUP(J76, G:H, 2, FALSE) -> 75.5
A77: 17 | B77: MARZO | C77: 2019 | D77: 120.5 | E77: 106 | F77: 151 | G77: =DATE(C77, CHOOSE(MATCH(UPPER(B77), {"ENERO","FEBRERO","MARZO","ABRIL","MAYO","JUNIO","JULIO","AGOSTO","SEPTIEMBRE","OCTUBRE","NOVIEMBRE","DICIEMBRE"}, 0), 1,2,3,4,5,6,7,8,9,10,11,12), A77) -> 43541 | H77: 75.5 | I77: 36000 | J77: =DATE(2019,1,1) + ROW()-1 -> 43542 | K77: =VLOOKUP(J77, G:H, 2, FALSE) -> 28
A78: 18 | B78: MARZO | C78: 2019 | D78: 151 | E78: 105 | F78: 228 | G78: =DATE(C78, CHOOSE(MATCH(UPPER(B78), {"ENERO","FEBRERO","MARZO","ABRIL","MAYO","JUNIO","JULIO","AGOSTO","SEPTIEMBRE","OCTUBRE","NOVIEMBRE","DICIEMBRE"}, 0), 1,2,3,4,5,6,7,8,9,10,11,12), A78) -> 43542 | H78: 28 | I78: 36000 | J78: =DATE(2019,1,1) + ROW()-1 -> 43543 | K78: =VLOOKUP(J78, G:H, 2, FALSE) -> 36
A79: 19 | B79: MARZO | C79: 2019 | D79: 228 | E79: -47 | F79: 145 | G79: =DATE(C79, CHOOSE(MATCH(UPPER(B79), {"ENERO","FEBRERO","MARZO","ABRIL","MAYO","JUNIO","JULIO","AGOSTO","SEPTIEMBRE","OCTUBRE","NOVIEMBRE","DICIEMBRE"}, 0), 1,2,3,4,5,6,7,8,9,10,11,12), A79) -> 43543 | H79: 36 | I79: 36000 | J79: =DATE(2019,1,1) + ROW()-1 -> 43544 | K79: =VLOOKUP(J79, G:H, 2, FALSE) -> 40
A80: 21 | B80: MARZO | C80: 2019 | D80: 105 | E80: 107 | F80: 168.75 | G80: =DATE(C80, CHOOSE(MATCH(UPPER(B80), {"ENERO","FEBRERO","MARZO","ABRIL","MAYO","JUNIO","JULIO","AGOSTO","SEPTIEMBRE","OCTUBRE","NOVIEMBRE","DICIEMBRE"}, 0), 1,2,3,4,5,6,7,8,9,10,11,12), A80) -> 43545 | H80: 43.25 | I80: 36000 | J80: =DATE(2019,1,1) + ROW()-1 -> 43545 | K80: =VLOOKUP(J80, G:H, 2, FALSE) -> 43.25
A81: 20 | B81: MARZO | C81: 2019 | D81: 145 | E81: NA | F81: 105 | G81: =DATE(C81, CHOOSE(MATCH(UPPER(B81), {"ENERO","FEBRERO","MARZO","ABRIL","MAYO","JUNIO","JULIO","AGOSTO","SEPTIEMBRE","OCTUBRE","NOVIEMBRE","DICIEMBRE"}, 0), 1,2,3,4,5,6,7,8,9,10,11,12), A81) -> 43544 | H81: 40 | I81: 36000 | J81: =DATE(2019,1,1) + ROW()-1 -> 43546 | K81: =VLOOKUP(J81, G:H, 2, FALSE) -> 56.75
A82: 22 | B82: MARZO | C82: 2019 | D82: 168.75 | E82: NA | F82: 112 | G82: =DATE(C82, CHOOSE(MATCH(UPPER(B82), {"ENERO","FEBRERO","MARZO","ABRIL","MAYO","JUNIO","JULIO","AGOSTO","SEPTIEMBRE","OCTUBRE","NOVIEMBRE","DICIEMBRE"}, 0), 1,2,3,4,5,6,7,8,9,10,11,12), A82) -> 43546 | H82: 56.75 | I82: 36000 | J82: =DATE(2019,1,1) + ROW()-1 -> 43547 | K82: =VLOOKUP(J82, G:H, 2, FALSE) -> 76
A83: 23 | B83: MARZO | C83: 2019 | D83: 112 | E83: 106 | F83: 142 | G83: =DATE(C83, CHOOSE(MATCH(UPPER(B83), {"ENERO","FEBRERO","MARZO","ABRIL","MAYO","JUNIO","JULIO","AGOSTO","SEPTIEMBRE","OCTUBRE","NOVIEMBRE","DICIEMBRE"}, 0), 1,2,3,4,5,6,7,8,9,10,11,12), A83) -> 43547 | H83: 76 | I83: 36000 | J83: =DATE(2019,1,1) + ROW()-1 -> 43548 | K83: =VLOOKUP(J83, G:H, 2, FALSE) -> 86
A84: 24 | B84: MARZO | C84: 2019 | D84: 142 | E84: 7 | F84: 63 | G84: =DATE(C84, CHOOSE(MATCH(UPPER(B84), {"ENERO","FEBRERO","MARZO","ABRIL","MAYO","JUNIO","JULIO","AGOSTO","SEPTIEMBRE","OCTUBRE","NOVIEMBRE","DICIEMBRE"}, 0), 1,2,3,4,5,6,7,8,9,10,11,12), A84) -> 43548 | H84: 86 | I84: 36000 | J84: =DATE(2019,1,1) + ROW()-1 -> 43549 | K84: =VLOOKUP(J84, G:H, 2, FALSE) -> 75.5
A85: 25 | B85: MARZO | C85: 2019 | D85: 63 | E85: 108 | F85: 95.5 | G85: =DATE(C85, CHOOSE(MATCH(UPPER(B85), {"ENERO","FEBRERO","MARZO","ABRIL","MAYO","JUNIO","JULIO","AGOSTO","SEPTIEMBRE","OCTUBRE","NOVIEMBRE","DICIEMBRE"}, 0), 1,2,3,4,5,6,7,8,9,10,11,12), A85) -> 43549 | H85: 75.5 | I85: 36000 | J85: =DATE(2019,1,1) + ROW()-1 -> 43550 | K85: =VLOOKUP(J85, G:H, 2, FALSE) -> 37
A86: 26 | B86: MARZO | C86: 2019 | D86: 95.5 | E86: -30 | F86: 28.5 | G86: =DATE(C86, CHOOSE(MATCH(UPPER(B86), {"ENERO","FEBRERO","MARZO","ABRIL","MAYO","JUNIO","JULIO","AGOSTO","SEPTIEMBRE","OCTUBRE","NOVIEMBRE","DICIEMBRE"}, 0), 1,2,3,4,5,6,7,8,9,10,11,12), A86) -> 43550 | H86: 37 | I86: 36000 | J86: =DATE(2019,1,1) + ROW()-1 -> 43551 | K86: =VLOOKUP(J86, G:H, 2, FALSE) -> 39
A87: 27 | B87: MARZO | C87: 2019 | D87: 28.5 | E87: 75 | F87: 64.5 | G87: =DATE(C87, CHOOSE(MATCH(UPPER(B87), {"ENERO","FEBRERO","MARZO","ABRIL","MAYO","JUNIO","JULIO","AGOSTO","SEPTIEMBRE","OCTUBRE","NOVIEMBRE","DICIEMBRE"}, 0), 1,2,3,4,5,6,7,8,9,10,11,12), A87) -> 43551 | H87: 39 | I87: 36000 | J87: =DATE(2019,1,1) + ROW()-1 -> 43552 | K87: =VLOOKUP(J87, G:H, 2, FALSE) -> 41
A88: 28 | B88: MARZO | C88: 2019 | D88: 64.5 | E88: 110 | F88: 133.5 | G88: =DATE(C88, CHOOSE(MATCH(UPPER(B88), {"ENERO","FEBRERO","MARZO","ABRIL","MAYO","JUNIO","JULIO","AGOSTO","SEPTIEMBRE","OCTUBRE","NOVIEMBRE","DICIEMBRE"}, 0), 1,2,3,4,5,6,7,8,9,10,11,12), A88) -> 43552 | H88: 41 | I88: 36000 | J88: =DATE(2019,1,1) + ROW()-1 -> 43553 | K88: =VLOOKUP(J88, G:H, 2, FALSE) -> 61.5
A89: 29 | B89: MARZO | C89: 2019 | D89: 133.5 | E89: NA | F89: 72 | G89: =DATE(C89, CHOOSE(MATCH(UPPER(B89), {"ENERO","FEBRERO","MARZO","ABRIL","MAYO","JUNIO","JULIO","AGOSTO","SEPTIEMBRE","OCTUBRE","NOVIEMBRE","DICIEMBRE"}, 0), 1,2,3,4,5,6,7,8,9,10,11,12), A89) -> 43553 | H89: 61.5 | I89: 36000 | J89: =DATE(2019,1,1) + ROW()-1 -> 43554 | K89: =VLOOKUP(J89, G:H, 2, FALSE) -> 84
A90: 30 | B90: MARZO | C90: 2019 | D90: 72 | E90: 34 | F90: 22 | G90: =DATE(C90, CHOOSE(MATCH(UPPER(B90), {"ENERO","FEBRERO","MARZO","ABRIL","MAYO","JUNIO","JULIO","AGOSTO","SEPTIEMBRE","OCTUBRE","NOVIEMBRE","DICIEMBRE"}, 0), 1,2,3,4,5,6,7,8,9,10,11,12), A90) -> 43554 | H90: 84 | I90: 36000 | J90: =DATE(2019,1,1) + ROW()-1 -> 43555 | K90: =VLOOKUP(J90, G:H, 2, FALSE) -> 91.5
A91: 31 | B91: MARZO | C91: 2019 | D91: 22 | E91: 130 | F91: 60.5 | G91: =DATE(C91, CHOOSE(MATCH(UPPER(B91), {"ENERO","FEBRERO","MARZO","ABRIL","MAYO","JUNIO","JULIO","AGOSTO","SEPTIEMBRE","OCTUBRE","NOVIEMBRE","DICIEMBRE"}, 0), 1,2,3,4,5,6,7,8,9,10,11,12), A91) -> 43555 | H91: 91.5 | I91: 36000 | J91: =DATE(2019,1,1) + ROW()-1 -> 43556 | K91: =VLOOKUP(J91, G:H, 2, FALSE) -> 29.25
A92: 1 | B92: ABRIL | C92: 2019 | D92: 60.5 | E92: 181 | F92: 212.25 | G92: =DATE(C92, CHOOSE(MATCH(UPPER(B92), {"ENERO","FEBRERO","MARZO","ABRIL","MAYO","JUNIO","JULIO","AGOSTO","SEPTIEMBRE","OCTUBRE","NOVIEMBRE","DICIEMBRE"}, 0), 1,2,3,4,5,6,7,8,9,10,11,12), A92) -> 43556 | H92: 29.25 | I92: 36000 | J92: =DATE(2019,1,1) + ROW()-1 -> 43557 | K92: =VLOOKUP(J92, G:H, 2, FALSE) -> 41.75
A93: 2 | B93: ABRIL | C93: 2019 | D93: 212.25 | E93: -40 | F93: 130.5 | G93: =DATE(C93, CHOOSE(MATCH(UPPER(B93), {"ENERO","FEBRERO","MARZO","ABRIL","MAYO","JUNIO","JULIO","AGOSTO","SEPTIEMBRE","OCTUBRE","NOVIEMBRE","DICIEMBRE"}, 0), 1,2,3,4,5,6,7,8,9,10,11,12), A93) -> 43557 | H93: 41.75 | I93: 36000 | J93: =DATE(2019,1,1) + ROW()-1 -> 43558 | K93: =VLOOKUP(J93, G:H, 2, FALSE) -> 49
A94: 3 | B94: ABRIL | C94: 2019 | D94: 130.5 | E94: NA | F94: 81.5 | G94: =DATE(C94, CHOOSE(MATCH(UPPER(B94), {"ENERO","FEBRERO","MARZO","ABRIL","MAYO","JUNIO","JULIO","AGOSTO","SEPTIEMBRE","OCTUBRE","NOVIEMBRE","DICIEMBRE"}, 0), 1,2,3,4,5,6,7,8,9,10,11,12), A94) -> 43558 | H94: 49 | I94: 36000 | J94: =DATE(2019,1,1) + ROW()-1 -> 43559 | K94: =VLOOKUP(J94, G:H, 2, FALSE) -> 56.5
A95: 4 | B95: ABRIL | C95: 2019 | D95: 81.5 | E95: 12 | F95: 37 | G95: =DATE(C95, CHOOSE(MATCH(UPPER(B95), {"ENERO","FEBRERO","MARZO","ABRIL","MAYO","JUNIO","JULIO","AGOSTO","SEPTIEMBRE","OCTUBRE","NOVIEMBRE","DICIEMBRE"}, 0), 1,2,3,4,5,6,7,8,9,10,11,12), A95) -> 43559 | H95: 56.5 | I95: 36000 | J95: =DATE(2019,1,1) + ROW()-1 -> 43560 | K95: =VLOOKUP(J95, G:H, 2, FALSE) -> 67
A96: 5 | B96: ABRIL | C96: 2019 | D96: 37 | E96: 72 | F96: 42 | G96: =DATE(C96, CHOOSE(MATCH(UPPER(B96), {"ENERO","FEBRERO","MARZO","ABRIL","MAYO","JUNIO","JULIO","AGOSTO","SEPTIEMBRE","OCTUBRE","NOVIEMBRE","DICIEMBRE"}, 0), 1,2,3,4,5,6,7,8,9,10,11,12), A96) -> 43560 | H96: 67 | I96: 36000 | J96: =DATE(2019,1,1) + ROW()-1 -> 43561 | K96: =VLOOKUP(J96, G:H, 2, FALSE) -> 81
A97: 6 | B97: ABRIL | C97: 2019 | D97: 42 | E97: 171 | F97: 132 | G97: =DATE(C97, CHOOSE(MATCH(UPPER(B97), {"ENERO","FEBRERO","MARZO","ABRIL","MAYO","JUNIO","JULIO","AGOSTO","SEPTIEMBRE","OCTUBRE","NOVIEMBRE","DICIEMBRE"}, 0), 1,2,3,4,5,6,7,8,9,10,11,12), A97) -> 43561 | H97: 81 | I97: 36000 | J97: =DATE(2019,1,1) + ROW()-1 -> 43562 | K97: =VLOOKUP(J97, G:H, 2, FALSE) -> 75
A98: 7 | B98: ABRIL | C98: 2019 | D98: 132 | E98: 17 | F98: 74 | G98: =DATE(C98, CHOOSE(MATCH(UPPER(B98), {"ENERO","FEBRERO","MARZO","ABRIL","MAYO","JUNIO","JULIO","AGOSTO","SEPTIEMBRE","OCTUBRE","NOVIEMBRE","DICIEMBRE"}, 0), 1,2,3,4,5,6,7,8,9,10,11,12), A98) -> 43562 | H98: 75 | I98: 36000 | J98: =DATE(2019,1,1) + ROW()-1 -> 43563 | K98: =VLOOKUP(J98, G:H, 2, FALSE) -> 33.25
A99: 8 | B99: ABRIL | C99: 2019 | D99: 74 | E99: 65 | F99: 105.75 | G99: =DATE(C99, CHOOSE(MATCH(UPPER(B99), {"ENERO","FEBRERO","MARZO","ABRIL","MAYO","JUNIO","JULIO","AGOSTO","SEPTIEMBRE","OCTUBRE","NOVIEMBRE","DICIEMBRE"}, 0), 1,2,3,4,5,6,7,8,9,10,11,12), A99) -> 43563 | H99: 33.25 | I99: 36000 | J99: =DATE(2019,1,1) + ROW()-1 -> 43564 | K99: =VLOOKUP(J99, G:H, 2, FALSE) -> 41.5
A100: 9 | B100: ABRIL | C100: 2019 | D100: 105.75 | E100: 54 | F100: 118.25 | G100: =DATE(C100, CHOOSE(MATCH(UPPER(B100), {"ENERO","FEBRERO","MARZO","ABRIL","MAYO","JUNIO","JULIO","AGOSTO","SEPTIEMBRE","OCTUBRE","NOVIEMBRE","DICIEMBRE"}, 0), 1,2,3,4,5,6,7,8,9,10,11,12), A100) -> 43564 | H100: 41.5 | I100: 36000 | J100: =DATE(2019,1,1) + ROW()-1 -> 43565 | K100: =VLOOKUP(J100, G:H, 2, FALSE) -> 39.25
A101: 10 | B101: ABRIL | C101: 2019 | D101: 118.25 | E101: 217 | F101: 296 | G101: =DATE(C101, CHOOSE(MATCH(UPPER(B101), {"ENERO","FEBRERO","MARZO","ABRIL","MAYO","JUNIO","JULIO","AGOSTO","SEPTIEMBRE","OCTUBRE","NOVIEMBRE","DICIEMBRE"}, 0), 1,2,3,4,5,6,7,8,9,10,11,12), A101) -> 43565 | H101: 39.25 | I101: 36000 | J101: =DATE(2019,1,1) + ROW()-1 -> 43566 | K101: =VLOOKUP(J101, G:H, 2, FALSE) -> 44
A102: 11 | B102: ABRIL | C102: 2019 | D102: 296 | E102: -75 | F102: 177 | G102: =DATE(C102, CHOOSE(MATCH(UPPER(B102), {"ENERO","FEBRERO","MARZO","ABRIL","MAYO","JUNIO","JULIO","AGOSTO","SEPTIEMBRE","OCTUBRE","NOVIEMBRE","DICIEMBRE"}, 0), 1,2,3,4,5,6,7,8,9,10,11,12), A102) -> 43566 | H102: 44 | I102: 36000 | J102: =DATE(2019,1,1) + ROW()-1 -> 43567 | K102: =VLOOKUP(J102, G:H, 2, FALSE) -> 53
A103: 12 | B103: ABRIL | C103: 2019 | D103: 177 | E103: 60 | F103: 184 | G103: =DATE(C103, CHOOSE(MATCH(UPPER(B103), {"ENERO","FEBRERO","MARZO","ABRIL","MAYO","JUNIO","JULIO","AGOSTO","SEPTIEMBRE","OCTUBRE","NOVIEMBRE","DICIEMBRE"}, 0), 1,2,3,4,5,6,7,8,9,10,11,12), A103) -> 43567 | H103: 53 | I103: 36000 | J103: =DATE(2019,1,1) + ROW()-1 -> 43568 | K103: =VLOOKUP(J103, G:H, 2, FALSE) -> 90.25
A104: 13 | B104: ABRIL | C104: 2019 | D104: 184 | E104: 40 | F104: 133.75 | G104: =DATE(C104, CHOOSE(MATCH(UPPER(B104), {"ENERO","FEBRERO","MARZO","ABRIL","MAYO","JUNIO","JULIO","AGOSTO","SEPTIEMBRE","OCTUBRE","NOVIEMBRE","DICIEMBRE"}, 0), 1,2,3,4,5,6,7,8,9,10,11,12), A104) -> 43568 | H104: 90.25 | I104: 36000 | J104: =DATE(2019,1,1) + ROW()-1 -> 43569 | K104: =VLOOKUP(J104, G:H, 2, FALSE) -> 63.75
A105: 14 | B105: ABRIL | C105: 2019 | D105: 133.75 | E105: NA | F105: 70 | G105: =DATE(C105, CHOOSE(MATCH(UPPER(B105), {"ENERO","FEBRERO","MARZO","ABRIL","MAYO","JUNIO","JULIO","AGOSTO","SEPTIEMBRE","OCTUBRE","NOVIEMBRE","DICIEMBRE"}, 0), 1,2,3,4,5,6,7,8,9,10,11,12), A105) -> 43569 | H105: 63.75 | I105: 36000 | J105: =DATE(2019,1,1) + ROW()-1 -> 43570 | K105: =VLOOKUP(J105, G:H, 2, FALSE) -> 55.25
A106: 15 | B106: ABRIL | C106: 2019 | D106: 70 | E106: 176 | F106: 190.75 | G106: =DATE(C106, CHOOSE(MATCH(UPPER(B106), {"ENERO","FEBRERO","MARZO","ABRIL","MAYO","JUNIO","JULIO","AGOSTO","SEPTIEMBRE","OCTUBRE","NOVIEMBRE","DICIEMBRE"}, 0), 1,2,3,4,5,6,7,8,9,10,11,12), A106) -> 43570 | H106: 55.25 | I106: 36000 | J106: =DATE(2019,1,1) + ROW()-1 -> 43571 | K106: =VLOOKUP(J106, G:H, 2, FALSE) -> 69.25
A107: 16 | B107: ABRIL | C107: 2019 | D107: 190.75 | E107: 100 | F107: 221.5 | G107: =DATE(C107, CHOOSE(MATCH(UPPER(B107), {"ENERO","FEBRERO","MARZO","ABRIL","MAYO","JUNIO","JULIO","AGOSTO","SEPTIEMBRE","OCTUBRE","NOVIEMBRE","DICIEMBRE"}, 0), 1,2,3,4,5,6,7,8,9,10,11,12), A107) -> 43571 | H107: 69.25 | I107: 36000 | J107: =DATE(2019,1,1) + ROW()-1 -> 43572 | K107: =VLOOKUP(J107, G:H, 2, FALSE) -> 71
A108: 17 | B108: ABRIL | C108: 2019 | D108: 221.5 | E108: 50 | F108: 200.5 | G108: =DATE(C108, CHOOSE(MATCH(UPPER(B108), {"ENERO","FEBRERO","MARZO","ABRIL","MAYO","JUNIO","JULIO","AGOSTO","SEPTIEMBRE","OCTUBRE","NOVIEMBRE","DICIEMBRE"}, 0), 1,2,3,4,5,6,7,8,9,10,11,12), A108) -> 43572 | H108: 71 | I108: 36000 | J108: =DATE(2019,1,1) + ROW()-1 -> 43573 | K108: =VLOOKUP(J108, G:H, 2, FALSE) -> 74.5
A109: 18 | B109: ABRIL | C109: 2019 | D109: 200.5 | E109: 100 | F109: 226 | G109: =DATE(C109, CHOOSE(MATCH(UPPER(B109), {"ENERO","FEBRERO","MARZO","ABRIL","MAYO","JUNIO","JULIO","AGOSTO","SEPTIEMBRE","OCTUBRE","NOVIEMBRE","DICIEMBRE"}, 0), 1,2,3,4,5,6,7,8,9,10,11,12), A109) -> 43573 | H109: 74.5 | I109: 36000 | J109: =DATE(2019,1,1) + ROW()-1 -> 43574 | K109: =VLOOKUP(J109, G:H, 2, FALSE) -> 94
...

Sheet San José
A1: dia | B1: mes | C1: anio | D1: inventario_inicial_pizza | E1: entrada_pizza | F1: inventario_final_pizza | G1: Fecha | H1: venta_pizza | I1: precio_venta_pizza | J1: =DATE(2019,1,1) + ROW()-1 -> 43466 | K1: =VLOOKUP(J1, G:H, 2, FALSE) -> #N/A
A2: 1 | B2: ABRIL | C2: 2021 | D2: NA | E2: 90 | F2: 44 | G2: =DATE(C2, CHOOSE(MATCH(UPPER(B2), {"ENERO","FEBRERO","MARZO","ABRIL","MAYO","JUNIO","JULIO","AGOSTO","SEPTIEMBRE","OCTUBRE","NOVIEMBRE","DICIEMBRE"}, 0), 1,2,3,4,5,6,7,8,9,10,11,12), A2) -> 44287 | H2: 46 | I2: 40000 | J2: =DATE(2019,1,1) + ROW()-1 -> 43467 | K2: =VLOOKUP(J2, G:H, 2, FALSE) -> #N/A
A3: 2 | B3: ABRIL | C3: 2021 | D3: 44 | E3: 40 | F3: 34 | G3: =DATE(C3, CHOOSE(MATCH(UPPER(B3), {"ENERO","FEBRERO","MARZO","ABRIL","MAYO","JUNIO","JULIO","AGOSTO","SEPTIEMBRE","OCTUBRE","NOVIEMBRE","DICIEMBRE"}, 0), 1,2,3,4,5,6,7,8,9,10,11,12), A3) -> 44288 | H3: 50 | I3: 40000 | J3: =DATE(2019,1,1) + ROW()-1 -> 43468 | K3: =VLOOKUP(J3, G:H, 2, FALSE) -> #N/A
A4: 3 | B4: ABRIL | C4: 2021 | D4: 34 | E4: 66 | F4: 49 | G4: =DATE(C4, CHOOSE(MATCH(UPPER(B4), {"ENERO","FEBRERO","MARZO","ABRIL","MAYO","JUNIO","JULIO","AGOSTO","SEPTIEMBRE","OCTUBRE","NOVIEMBRE","DICIEMBRE"}, 0), 1,2,3,4,5,6,7,8,9,10,11,12), A4) -> 44289 | H4: 51 | I4: 40000 | J4: =DATE(2019,1,1) + ROW()-1 -> 43469 | K4: =VLOOKUP(J4, G:H, 2, FALSE) -> #N/A
A5: 4 | B5: ABRIL | C5: 2021 | D5: 49 | E5: NA | F5: 1 | G5: =DATE(C5, CHOOSE(MATCH(UPPER(B5), {"ENERO","FEBRERO","MARZO","ABRIL","MAYO","JUNIO","JULIO","AGOSTO","SEPTIEMBRE","OCTUBRE","NOVIEMBRE","DICIEMBRE"}, 0), 1,2,3,4,5,6,7,8,9,10,11,12), A5) -> 44290 | H5: 48 | I5: 40000 | J5: =DATE(2019,1,1) + ROW()-1 -> 43470 | K5: =VLOOKUP(J5, G:H, 2, FALSE) -> #N/A
A6: 5 | B6: ABRIL | C6: 2021 | D6: 1 | E6: 30 | F6: 13.5 | G6: =DATE(C6, CHOOSE(MATCH(UPPER(B6), {"ENERO","FEBRERO","MARZO","ABRIL","MAYO","JUNIO","JULIO","AGOSTO","SEPTIEMBRE","OCTUBRE","NOVIEMBRE","DICIEMBRE"}, 0), 1,2,3,4,5,6,7,8,9,10,11,12), A6) -> 44291 | H6: 17.5 | I6: 40000 | J6: =DATE(2019,1,1) + ROW()-1 -> 43471 | K6: =VLOOKUP(J6, G:H, 2, FALSE) -> #N/A
A7: 6 | B7: ABRIL | C7: 2021 | D7: 13.5 | E7: 40 | F7: 29.5 | G7: =DATE(C7, CHOOSE(MATCH(UPPER(B7), {"ENERO","FEBRERO","MARZO","ABRIL","MAYO","JUNIO","JULIO","AGOSTO","SEPTIEMBRE","OCTUBRE","NOVIEMBRE","DICIEMBRE"}, 0), 1,2,3,4,5,6,7,8,9,10,11,12), A7) -> 44292 | H7: 24 | I7: 40000 | J7: =DATE(2019,1,1) + ROW()-1 -> 43472 | K7: =VLOOKUP(J7, G:H, 2, FALSE) -> #N/A
A8: 7 | B8: ABRIL | C8: 2021 | D8: 29.5 | E8: NA | F8: 12 | G8: =DATE(C8, CHOOSE(MATCH(UPPER(B8), {"ENERO","FEBRERO","MARZO","ABRIL","MAYO","JUNIO","JULIO","AGOSTO","SEPTIEMBRE","OCTUBRE","NOVIEMBRE","DICIEMBRE"}, 0), 1,2,3,4,5,6,7,8,9,10,11,12), A8) -> 44293 | H8: 17.5 | I8: 40000 | J8: =DATE(2019,1,1) + ROW()-1 -> 43473 | K8: =VLOOKUP(J8, G:H, 2, FALSE) -> #N/A
A9: 8 | B9: ABRIL | C9: 2021 | D9: 12 | E9: 50 | F9: 48.125 | G9: =DATE(C9, CHOOSE(MATCH(UPPER(B9), {"ENERO","FEBRERO","MARZO","ABRIL","MAYO","JUNIO","JULIO","AGOSTO","SEPTIEMBRE","OCTUBRE","NOVIEMBRE","DICIEMBRE"}, 0), 1,2,3,4,5,6,7,8,9,10,11,12), A9) -> 44294 | H9: 13.875 | I9: 40000 | J9: =DATE(2019,1,1) + ROW()-1 -> 43474 | K9: =VLOOKUP(J9, G:H, 2, FALSE) -> #N/A
A10: 9 | B10: ABRIL | C10: 2021 | D10: 48.125 | E10: 70 | F10: 93 | G10: =DATE(C10, CHOOSE(MATCH(UPPER(B10), {"ENERO","FEBRERO","MARZO","ABRIL","MAYO","JUNIO","JULIO","AGOSTO","SEPTIEMBRE","OCTUBRE","NOVIEMBRE","DICIEMBRE"}, 0), 1,2,3,4,5,6,7,8,9,10,11,12), A10) -> 44295 | H10: 25.125 | I10: 40000 | J10: =DATE(2019,1,1) + ROW()-1 -> 43475 | K10: =VLOOKUP(J10, G:H, 2, FALSE) -> #N/A
A11: 10 | B11: ABRIL | C11: 2021 | D11: 93 | E11: NA | F11: 49 | G11: =DATE(C11, CHOOSE(MATCH(UPPER(B11), {"ENERO","FEBRERO","MARZO","ABRIL","MAYO","JUNIO","JULIO","AGOSTO","SEPTIEMBRE","OCTUBRE","NOVIEMBRE","DICIEMBRE"}, 0), 1,2,3,4,5,6,7,8,9,10,11,12), A11) -> 44296 | H11: 44 | I11: 40000 | J11: =DATE(2019,1,1) + ROW()-1 -> 43476 | K11: =VLOOKUP(J11, G:H, 2, FALSE) -> #N/A
A12: 11 | B12: ABRIL | C12: 2021 | D12: 49 | E12: NA | F12: 16.5 | G12: =DATE(C12, CHOOSE(MATCH(UPPER(B12), {"ENERO","FEBRERO","MARZO","ABRIL","MAYO","JUNIO","JULIO","AGOSTO","SEPTIEMBRE","OCTUBRE","NOVIEMBRE","DICIEMBRE"}, 0), 1,2,3,4,5,6,7,8,9,10,11,12), A12) -> 44297 | H12: 32.5 | I12: 40000 | J12: =DATE(2019,1,1) + ROW()-1 -> 43477 | K12: =VLOOKUP(J12, G:H, 2, FALSE) -> #N/A
A13: 12 | B13: ABRIL | C13: 2021 | D13: 16.5 | E13: NA | F13: 3.25 | G13: =DATE(C13, CHOOSE(MATCH(UPPER(B13), {"ENERO","FEBRERO","MARZO","ABRIL","MAYO","JUNIO","JULIO","AGOSTO","SEPTIEMBRE","OCTUBRE","NOVIEMBRE","DICIEMBRE"}, 0), 1,2,3,4,5,6,7,8,9,10,11,12), A13) -> 44298 | H13: 13.25 | I13: 40000 | J13: =DATE(2019,1,1) + ROW()-1 -> 43478 | K13: =VLOOKUP(J13, G:H, 2, FALSE) -> #N/A
A14: 13 | B14: ABRIL | C14: 2021 | D14: 3.25 | E14: 20 | F14: 6 | G14: =DATE(C14, CHOOSE(MATCH(UPPER(B14), {"ENERO","FEBRERO","MARZO","ABRIL","MAYO","JUNIO","JULIO","AGOSTO","SEPTIEMBRE","OCTUBRE","NOVIEMBRE","DICIEMBRE"}, 0), 1,2,3,4,5,6,7,8,9,10,11,12), A14) -> 44299 | H14: 17.25 | I14: 40000 | J14: =DATE(2019,1,1) + ROW()-1 -> 43479 | K14: =VLOOKUP(J14, G:H, 2, FALSE) -> #N/A
A15: 14 | B15: ABRIL | C15: 2021 | D15: 6 | E15: 71 | F15: 60.5 | G15: =DATE(C15, CHOOSE(MATCH(UPPER(B15), {"ENERO","FEBRERO","MARZO","ABRIL","MAYO","JUNIO","JULIO","AGOSTO","SEPTIEMBRE","OCTUBRE","NOVIEMBRE","DICIEMBRE"}, 0), 1,2,3,4,5,6,7,8,9,10,11,12), A15) -> 44300 | H15: 16.5 | I15: 40000 | J15: =DATE(2019,1,1) + ROW()-1 -> 43480 | K15: =VLOOKUP(J15, G:H, 2, FALSE) -> #N/A
A16: 15 | B16: ABRIL | C16: 2021 | D16: 60.5 | E16: NA | F16: 40.5 | G16: =DATE(C16, CHOOSE(MATCH(UPPER(B16), {"ENERO","FEBRERO","MARZO","ABRIL","MAYO","JUNIO","JULIO","AGOSTO","SEPTIEMBRE","OCTUBRE","NOVIEMBRE","DICIEMBRE"}, 0), 1,2,3,4,5,6,7,8,9,10,11,12), A16) -> 44301 | H16: 20 | I16: 40000 | J16: =DATE(2019,1,1) + ROW()-1 -> 43481 | K16: =VLOOKUP(J16, G:H, 2, FALSE) -> #N/A
A17: 16 | B17: ABRIL | C17: 2021 | D17: 40.5 | E17: NA | F17: 21 | G17: =DATE(C17, CHOOSE(MATCH(UPPER(B17), {"ENERO","FEBRERO","MARZO","ABRIL","MAYO","JUNIO","JULIO","AGOSTO","SEPTIEMBRE","OCTUBRE","NOVIEMBRE","DICIEMBRE"}, 0), 1,2,3,4,5,6,7,8,9,10,11,12), A17) -> 44302 | H17: 19.5 | I17: 40000 | J17: =DATE(2019,1,1) + ROW()-1 -> 43482 | K17: =VLOOKUP(J17, G:H, 2, FALSE) -> #N/A
A18: 17 | B18: ABRIL | C18: 2021 | D18: 21 | E18: 68 | F18: 50 | G18: =DATE(C18, CHOOSE(MATCH(UPPER(B18), {"ENERO","FEBRERO","MARZO","ABRIL","MAYO","JUNIO","JULIO","AGOSTO","SEPTIEMBRE","OCTUBRE","NOVIEMBRE","DICIEMBRE"}, 0), 1,2,3,4,5,6,7,8,9,10,11,12), A18) -> 44303 | H18: 39 | I18: 40000 | J18: =DATE(2019,1,1) + ROW()-1 -> 43483 | K18: =VLOOKUP(J18, G:H, 2, FALSE) -> #N/A
A19: 18 | B19: ABRIL | C19: 2021 | D19: 50 | E19: NA | F19: 13.5 | G19: =DATE(C19, CHOOSE(MATCH(UPPER(B19), {"ENERO","FEBRERO","MARZO","ABRIL","MAYO","JUNIO","JULIO","AGOSTO","SEPTIEMBRE","OCTUBRE","NOVIEMBRE","DICIEMBRE"}, 0), 1,2,3,4,5,6,7,8,9,10,11,12), A19) -> 44304 | H19: 36.5 | I19: 40000 | J19: =DATE(2019,1,1) + ROW()-1 -> 43484 | K19: =VLOOKUP(J19, G:H, 2, FALSE) -> #N/A
A20: 19 | B20: ABRIL | C20: 2021 | D20: 13.5 | E20: 70 | F20: 74 | G20: =DATE(C20, CHOOSE(MATCH(UPPER(B20), {"ENERO","FEBRERO","MARZO","ABRIL","MAYO","JUNIO","JULIO","AGOSTO","SEPTIEMBRE","OCTUBRE","NOVIEMBRE","DICIEMBRE"}, 0), 1,2,3,4,5,6,7,8,9,10,11,12), A20) -> 44305 | H20: 9.5 | I20: 40000 | J20: =DATE(2019,1,1) + ROW()-1 -> 43485 | K20: =VLOOKUP(J20, G:H, 2, FALSE) -> #N/A
A21: 20 | B21: ABRIL | C21: 2021 | D21: 74 | E21: NA | F21: 56.4 | G21: =DATE(C21, CHOOSE(MATCH(UPPER(B21), {"ENERO","FEBRERO","MARZO","ABRIL","MAYO","JUNIO","JULIO","AGOSTO","SEPTIEMBRE","OCTUBRE","NOVIEMBRE","DICIEMBRE"}, 0), 1,2,3,4,5,6,7,8,9,10,11,12), A21) -> 44306 | H21: 17.6 | I21: 40000 | J21: =DATE(2019,1,1) + ROW()-1 -> 43486 | K21: =VLOOKUP(J21, G:H, 2, FALSE) -> #N/A
A22: 21 | B22: ABRIL | C22: 2021 | D22: 56.4 | E22: NA | F22: 45.5 | G22: =DATE(C22, CHOOSE(MATCH(UPPER(B22), {"ENERO","FEBRERO","MARZO","ABRIL","MAYO","JUNIO","JULIO","AGOSTO","SEPTIEMBRE","OCTUBRE","NOVIEMBRE","DICIEMBRE"}, 0), 1,2,3,4,5,6,7,8,9,10,11,12), A22) -> 44307 | H22: 10.9 | I22: 40000 | J22: =DATE(2019,1,1) + ROW()-1 -> 43487 | K22: =VLOOKUP(J22, G:H, 2, FALSE) -> #N/A
A23: 22 | B23: ABRIL | C23: 2021 | D23: 45.5 | E23: NA | F23: 21 | G23: =DATE(C23, CHOOSE(MATCH(UPPER(B23), {"ENERO","FEBRERO","MARZO","ABRIL","MAYO","JUNIO","JULIO","AGOSTO","SEPTIEMBRE","OCTUBRE","NOVIEMBRE","DICIEMBRE"}, 0), 1,2,3,4,5,6,7,8,9,10,11,12), A23) -> 44308 | H23: 24.5 | I23: 40000 | J23: =DATE(2019,1,1) + ROW()-1 -> 43488 | K23: =VLOOKUP(J23, G:H, 2, FALSE) -> #N/A
A24: 23 | B24: ABRIL | C24: 2021 | D24: 21 | E24: NA | F24: 2 | G24: =DATE(C24, CHOOSE(MATCH(UPPER(B24), {"ENERO","FEBRERO","MARZO","ABRIL","MAYO","JUNIO","JULIO","AGOSTO","SEPTIEMBRE","OCTUBRE","NOVIEMBRE","DICIEMBRE"}, 0), 1,2,3,4,5,6,7,8,9,10,11,12), A24) -> 44309 | H24: 19 | I24: 40000 | J24: =DATE(2019,1,1) + ROW()-1 -> 43489 | K24: =VLOOKUP(J24, G:H, 2, FALSE) -> #N/A
A25: 24 | B25: ABRIL | C25: 2021 | D25: 2 | E25: 55 | F25: 23 | G25: =DATE(C25, CHOOSE(MATCH(UPPER(B25), {"ENERO","FEBRERO","MARZO","ABRIL","MAYO","JUNIO","JULIO","AGOSTO","SEPTIEMBRE","OCTUBRE","NOVIEMBRE","DICIEMBRE"}, 0), 1,2,3,4,5,6,7,8,9,10,11,12), A25) -> 44310 | H25: 34 | I25: 40000 | J25: =DATE(2019,1,1) + ROW()-1 -> 43490 | K25: =VLOOKUP(J25, G:H, 2, FALSE) -> #N/A
A26: 25 | B26: ABRIL | C26: 2021 | D26: 23 | E26: 30 | F26: 19 | G26: =DATE(C26, CHOOSE(MATCH(UPPER(B26), {"ENERO","FEBRERO","MARZO","ABRIL","MAYO","JUNIO","JULIO","AGOSTO","SEPTIEMBRE","OCTUBRE","NOVIEMBRE","DICIEMBRE"}, 0), 1,2,3,4,5,6,7,8,9,10,11,12), A26) -> 44311 | H26: 34 | I26: 40000 | J26: =DATE(2019,1,1) + ROW()-1 -> 43491 | K26: =VLOOKUP(J26, G:H, 2, FALSE) -> #N/A
A27: 26 | B27: ABRIL | C27: 2021 | D27: 19 | E27: NA | F27: 11 | G27: =DATE(C27, CHOOSE(MATCH(UPPER(B27), {"ENERO","FEBRERO","MARZO","ABRIL","MAYO","JUNIO","JULIO","AGOSTO","SEPTIEMBRE","OCTUBRE","NOVIEMBRE","DICIEMBRE"}, 0), 1,2,3,4,5,6,7,8,9,10,11,12), A27) -> 44312 | H27: 8 | I27: 40000 | J27: =DATE(2019,1,1) + ROW()-1 -> 43492 | K27: =VLOOKUP(J27, G:H, 2, FALSE) -> #N/A
A28: 27 | B28: ABRIL | C28: 2021 | D28: 11 | E28: 10 | F28: 4.5 | G28: =DATE(C28, CHOOSE(MATCH(UPPER(B28), {"ENERO","FEBRERO","MARZO","ABRIL","MAYO","JUNIO","JULIO","AGOSTO","SEPTIEMBRE","OCTUBRE","NOVIEMBRE","DICIEMBRE"}, 0), 1,2,3,4,5,6,7,8,9,10,11,12), A28) -> 44313 | H28: 16.5 | I28: 40000 | J28: =DATE(2019,1,1) + ROW()-1 -> 43493 | K28: =VLOOKUP(J28, G:H, 2, FALSE) -> #N/A
A29: 28 | B29: ABRIL | C29: 2021 | D29: 4.5 | E29: 20 | F29: 23 | G29: =DATE(C29, CHOOSE(MATCH(UPPER(B29), {"ENERO","FEBRERO","MARZO","ABRIL","MAYO","JUNIO","JULIO","AGOSTO","SEPTIEMBRE","OCTUBRE","NOVIEMBRE","DICIEMBRE"}, 0), 1,2,3,4,5,6,7,8,9,10,11,12), A29) -> 44314 | H29: 1.5 | I29: 40000 | J29: =DATE(2019,1,1) + ROW()-1 -> 43494 | K29: =VLOOKUP(J29, G:H, 2, FALSE) -> #N/A
A30: 29 | B30: ABRIL | C30: 2021 | D30: 23 | E30: 50 | F30: 66.75 | G30: =DATE(C30, CHOOSE(MATCH(UPPER(B30), {"ENERO","FEBRERO","MARZO","ABRIL","MAYO","JUNIO","JULIO","AGOSTO","SEPTIEMBRE","OCTUBRE","NOVIEMBRE","DICIEMBRE"}, 0), 1,2,3,4,5,6,7,8,9,10,11,12), A30) -> 44315 | H30: 6.25 | I30: 40000 | J30: =DATE(2019,1,1) + ROW()-1 -> 43495 | K30: =VLOOKUP(J30, G:H, 2, FALSE) -> #N/A
A31: 30 | B31: ABRIL | C31: 2021 | D31: 66.75 | E31: NA | F31: 51.5 | G31: =DATE(C31, CHOOSE(MATCH(UPPER(B31), {"ENERO","FEBRERO","MARZO","ABRIL","MAYO","JUNIO","JULIO","AGOSTO","SEPTIEMBRE","OCTUBRE","NOVIEMBRE","DICIEMBRE"}, 0), 1,2,3,4,5,6,7,8,9,10,11,12), A31) -> 44316 | H31: 15.25 | I31: 40000 | J31: =DATE(2019,1,1) + ROW()-1 -> 43496 | K31: =VLOOKUP(J31, G:H, 2, FALSE) -> #N/A
A32: 1 | B32: MAYO | C32: 2021 | D32: 51.5 | E32: NA | F32: 28.625 | G32: =DATE(C32, CHOOSE(MATCH(UPPER(B32), {"ENERO","FEBRERO","MARZO","ABRIL","MAYO","JUNIO","JULIO","AGOSTO","SEPTIEMBRE","OCTUBRE","NOVIEMBRE","DICIEMBRE"}, 0), 1,2,3,4,5,6,7,8,9,10,11,12), A32) -> 44317 | H32: 22.875 | I32: 40000 | J32: =DATE(2019,1,1) + ROW()-1 -> 43497 | K32: =VLOOKUP(J32, G:H, 2, FALSE) -> #N/A
A33: 2 | B33: MAYO | C33: 2021 | D33: 28.625 | E33: 40 | F33: 36.875 | G33: =DATE(C33, CHOOSE(MATCH(UPPER(B33), {"ENERO","FEBRERO","MARZO","ABRIL","MAYO","JUNIO","JULIO","AGOSTO","SEPTIEMBRE","OCTUBRE","NOVIEMBRE","DICIEMBRE"}, 0), 1,2,3,4,5,6,7,8,9,10,11,12), A33) -> 44318 | H33: 31.75 | I33: 40000 | J33: =DATE(2019,1,1) + ROW()-1 -> 43498 | K33: =VLOOKUP(J33, G:H, 2, FALSE) -> #N/A
A34: 3 | B34: MAYO | C34: 2021 | D34: 36.875 | E34: NA | F34: 36.875 | G34: =DATE(C34, CHOOSE(MATCH(UPPER(B34), {"ENERO","FEBRERO","MARZO","ABRIL","MAYO","JUNIO","JULIO","AGOSTO","SEPTIEMBRE","OCTUBRE","NOVIEMBRE","DICIEMBRE"}, 0), 1,2,3,4,5,6,7,8,9,10,11,12), A34) -> 44319 | H34: 0 | I34: 40000 | J34: =DATE(2019,1,1) + ROW()-1 -> 43499 | K34: =VLOOKUP(J34, G:H, 2, FALSE) -> #N/A
A35: 4 | B35: MAYO | C35: 2021 | D35: 36.875 | E35: 1 | F35: 16.5 | G35: =DATE(C35, CHOOSE(MATCH(UPPER(B35), {"ENERO","FEBRERO","MARZO","ABRIL","MAYO","JUNIO","JULIO","AGOSTO","SEPTIEMBRE","OCTUBRE","NOVIEMBRE","DICIEMBRE"}, 0), 1,2,3,4,5,6,7,8,9,10,11,12), A35) -> 44320 | H35: 21.375 | I35: 40000 | J35: =DATE(2019,1,1) + ROW()-1 -> 43500 | K35: =VLOOKUP(J35, G:H, 2, FALSE) -> #N/A
A36: 5 | B36: MAYO | C36: 2021 | D36: 16.5 | E36: NA | F36: 1.875 | G36: =DATE(C36, CHOOSE(MATCH(UPPER(B36), {"ENERO","FEBRERO","MARZO","ABRIL","MAYO","JUNIO","JULIO","AGOSTO","SEPTIEMBRE","OCTUBRE","NOVIEMBRE","DICIEMBRE"}, 0), 1,2,3,4,5,6,7,8,9,10,11,12), A36) -> 44321 | H36: 14.625 | I36: 40000 | J36: =DATE(2019,1,1) + ROW()-1 -> 43501 | K36: =VLOOKUP(J36, G:H, 2, FALSE) -> #N/A
A37: 6 | B37: MAYO | C37: 2021 | D37: 1.875 | E37: 40 | F37: 22 | G37: =DATE(C37, CHOOSE(MATCH(UPPER(B37), {"ENERO","FEBRERO","MARZO","ABRIL","MAYO","JUNIO","JULIO","AGOSTO","SEPTIEMBRE","OCTUBRE","NOVIEMBRE","DICIEMBRE"}, 0), 1,2,3,4,5,6,7,8,9,10,11,12), A37) -> 44322 | H37: 19.875 | I37: 40000 | J37: =DATE(2019,1,1) + ROW()-1 -> 43502 | K37: =VLOOKUP(J37, G:H, 2, FALSE) -> #N/A
A38: 7 | B38: MAYO | C38: 2021 | D38: 22 | E38: NA | F38: 7.5 | G38: =DATE(C38, CHOOSE(MATCH(UPPER(B38), {"ENERO","FEBRERO","MARZO","ABRIL","MAYO","JUNIO","JULIO","AGOSTO","SEPTIEMBRE","OCTUBRE","NOVIEMBRE","DICIEMBRE"}, 0), 1,2,3,4,5,6,7,8,9,10,11,12), A38) -> 44323 | H38: 14.5 | I38: 40000 | J38: =DATE(2019,1,1) + ROW()-1 -> 43503 | K38: =VLOOKUP(J38, G:H, 2, FALSE) -> #N/A
A39: 8 | B39: MAYO | C39: 2021 | D39: 7.5 | E39: 50 | F39: 25 | G39: =DATE(C39, CHOOSE(MATCH(UPPER(B39), {"ENERO","FEBRERO","MARZO","ABRIL","MAYO","JUNIO","JULIO","AGOSTO","SEPTIEMBRE","OCTUBRE","NOVIEMBRE","DICIEMBRE"}, 0), 1,2,3,4,5,6,7,8,9,10,11,12), A39) -> 44324 | H39: 32.5 | I39: 40000 | J39: =DATE(2019,1,1) + ROW()-1 -> 43504 | K39: =VLOOKUP(J39, G:H, 2, FALSE) -> #N/A
A40: 9 | B40: MAYO | C40: 2021 | D40: 25 | E40: 79 | F40: 41.5 | G40: =DATE(C40, CHOOSE(MATCH(UPPER(B40), {"ENERO","FEBRERO","MARZO","ABRIL","MAYO","JUNIO","JULIO","AGOSTO","SEPTIEMBRE","OCTUBRE","NOVIEMBRE","DICIEMBRE"}, 0), 1,2,3,4,5,6,7,8,9,10,11,12), A40) -> 44325 | H40: 62.5 | I40: 40000 | J40: =DATE(2019,1,1) + ROW()-1 -> 43505 | K40: =VLOOKUP(J40, G:H, 2, FALSE) -> #N/A
A41: 10 | B41: MAYO | C41: 2021 | D41: 41.5 | E41: NA | F41: 17 | G41: =DATE(C41, CHOOSE(MATCH(UPPER(B41), {"ENERO","FEBRERO","MARZO","ABRIL","MAYO","JUNIO","JULIO","AGOSTO","SEPTIEMBRE","OCTUBRE","NOVIEMBRE","DICIEMBRE"}, 0), 1,2,3,4,5,6,7,8,9,10,11,12), A41) -> 44326 | H41: 24.5 | I41: 40000 | J41: =DATE(2019,1,1) + ROW()-1 -> 43506 | K41: =VLOOKUP(J41, G:H, 2, FALSE) -> #N/A
A42: 11 | B42: MAYO | C42: 2021 | D42: 17 | E42: 30 | F42: 24 | G42: =DATE(C42, CHOOSE(MATCH(UPPER(B42), {"ENERO","FEBRERO","MARZO","ABRIL","MAYO","JUNIO","JULIO","AGOSTO","SEPTIEMBRE","OCTUBRE","NOVIEMBRE","DICIEMBRE"}, 0), 1,2,3,4,5,6,7,8,9,10,11,12), A42) -> 44327 | H42: 23 | I42: 40000 | J42: =DATE(2019,1,1) + ROW()-1 -> 43507 | K42: =VLOOKUP(J42, G:H, 2, FALSE) -> #N/A
A43: 12 | B43: MAYO | C43: 2021 | D43: 24 | E43: NA | F43: 4.625 | G43: =DATE(C43, CHOOSE(MATCH(UPPER(B43), {"ENERO","FEBRERO","MARZO","ABRIL","MAYO","JUNIO","JULIO","AGOSTO","SEPTIEMBRE","OCTUBRE","NOVIEMBRE","DICIEMBRE"}, 0), 1,2,3,4,5,6,7,8,9,10,11,12), A43) -> 44328 | H43: 19.375 | I43: 40000 | J43: =DATE(2019,1,1) + ROW()-1 -> 43508 | K43: =VLOOKUP(J43, G:H, 2, FALSE) -> #N/A
A44: 13 | B44: MAYO | C44: 2021 | D44: 4.625 | E44: 18 | F44: 0 | G44: =DATE(C44, CHOOSE(MATCH(UPPER(B44), {"ENERO","FEBRERO","MARZO","ABRIL","MAYO","JUNIO","JULIO","AGOSTO","SEPTIEMBRE","OCTUBRE","NOVIEMBRE","DICIEMBRE"}, 0), 1,2,3,4,5,6,7,8,9,10,11,12), A44) -> 44329 | H44: 22.625 | I44: 40000 | J44: =DATE(2019,1,1) + ROW()-1 -> 43509 | K44: =VLOOKUP(J44, G:H, 2, FALSE) -> #N/A
A45: 14 | B45: MAYO | C45: 2021 | D45: 0 | E45: 50 | F45: 21.5 | G45: =DATE(C45, CHOOSE(MATCH(UPPER(B45), {"ENERO","FEBRERO","MARZO","ABRIL","MAYO","JUNIO","JULIO","AGOSTO","SEPTIEMBRE","OCTUBRE","NOVIEMBRE","DICIEMBRE"}, 0), 1,2,3,4,5,6,7,8,9,10,11,12), A45) -> 44330 | H45: 28.5 | I45: 40000 | J45: =DATE(2019,1,1) + ROW()-1 -> 43510 | K45: =VLOOKUP(J45, G:H, 2, FALSE) -> #N/A
A46: 15 | B46: MAYO | C46: 2021 | D46: 21.5 | E46: 47 | F46: 31.5 | G46: =DATE(C46, CHOOSE(MATCH(UPPER(B46), {"ENERO","FEBRERO","MARZO","ABRIL","MAYO","JUNIO","JULIO","AGOSTO","SEPTIEMBRE","OCTUBRE","NOVIEMBRE","DICIEMBRE"}, 0), 1,2,3,4,5,6,7,8,9,10,11,12), A46) -> 44331 | H46: 37 | I46: 40000 | J46: =DATE(2019,1,1) + ROW()-1 -> 43511 | K46: =VLOOKUP(J46, G:H, 2, FALSE) -> #N/A
A47: 16 | B47: MAYO | C47: 2021 | D47: 31.5 | E47: 20 | F47: 9.5 | G47: =DATE(C47, CHOOSE(MATCH(UPPER(B47), {"ENERO","FEBRERO","MARZO","ABRIL","MAYO","JUNIO","JULIO","AGOSTO","SEPTIEMBRE","OCTUBRE","NOVIEMBRE","DICIEMBRE"}, 0), 1,2,3,4,5,6,7,8,9,10,11,12), A47) -> 44332 | H47: 42 | I47: 40000 | J47: =DATE(2019,1,1) + ROW()-1 -> 43512 | K47: =VLOOKUP(J47, G:H, 2, FALSE) -> #N/A
A48: 17 | B48: MAYO | C48: 2021 | D48: 9.5 | E48: 50 | F48: 31 | G48: =DATE(C48, CHOOSE(MATCH(UPPER(B48), {"ENERO","FEBRERO","MARZO","ABRIL","MAYO","JUNIO","JULIO","AGOSTO","SEPTIEMBRE","OCTUBRE","NOVIEMBRE","DICIEMBRE"}, 0), 1,2,3,4,5,6,7,8,9,10,11,12), A48) -> 44333 | H48: 28.5 | I48: 40000 | J48: =DATE(2019,1,1) + ROW()-1 -> 43513 | K48: =VLOOKUP(J48, G:H, 2, FALSE) -> #N/A
A49: 18 | B49: MAYO | C49: 2021 | D49: 31 | E49: NA | F49: 10 | G49: =DATE(C49, CHOOSE(MATCH(UPPER(B49), {"ENERO","FEBRERO","MARZO","ABRIL","MAYO","JUNIO","JULIO","AGOSTO","SEPTIEMBRE","OCTUBRE","NOVIEMBRE","DICIEMBRE"}, 0), 1,2,3,4,5,6,7,8,9,10,11,12), A49) -> 44334 | H49: 21 | I49: 40000 | J49: =DATE(2019,1,1) + ROW()-1 -> 43514 | K49: =VLOOKUP(J49, G:H, 2, FALSE) -> #N/A
A50: 19 | B50: MAYO | C50: 2021 | D50: 10 | E50: NA | F50: 10 | G50: =DATE(C50, CHOOSE(MATCH(UPPER(B50), {"ENERO","FEBRERO","MARZO","ABRIL","MAYO","JUNIO","JULIO","AGOSTO","SEPTIEMBRE","OCTUBRE","NOVIEMBRE","DICIEMBRE"}, 0), 1,2,3,4,5,6,7,8,9,10,11,12), A50) -> 44335 | H50: 0 | I50: 40000 | J50: =DATE(2019,1,1) + ROW()-1 -> 43515 | K50: =VLOOKUP(J50, G:H, 2, FALSE) -> #N/A
A51: 20 | B51: MAYO | C51: 2021 | D51: 10 | E51: 50 | F51: 43.375 | G51: =DATE(C51, CHOOSE(MATCH(UPPER(B51), {"ENERO","FEBRERO","MARZO","ABRIL","MAYO","JUNIO","JULIO","AGOSTO","SEPTIEMBRE","OCTUBRE","NOVIEMBRE","DICIEMBRE"}, 0), 1,2,3,4,5,6,7,8,9,10,11,12), A51) -> 44336 | H51: 16.625 | I51: 40000 | J51: =DATE(2019,1,1) + ROW()-1 -> 43516 | K51: =VLOOKUP(J51, G:H, 2, FALSE) -> #N/A
A52: 21 | B52: MAYO | C52: 2021 | D52: 43.375 | E52: NA | F52: 22.75 | G52: =DATE(C52, CHOOSE(MATCH(UPPER(B52), {"ENERO","FEBRERO","MARZO","ABRIL","MAYO","JUNIO","JULIO","AGOSTO","SEPTIEMBRE","OCTUBRE","NOVIEMBRE","DICIEMBRE"}, 0), 1,2,3,4,5,6,7,8,9,10,11,12), A52) -> 44337 | H52: 20.625 | I52: 40000 | J52: =DATE(2019,1,1) + ROW()-1 -> 43517 | K52: =VLOOKUP(J52, G:H, 2, FALSE) -> #N/A
A53: 22 | B53: MAYO | C53: 2021 | D53: 22.75 | E53: 30 | F53: 27 | G53: =DATE(C53, CHOOSE(MATCH(UPPER(B53), {"ENERO","FEBRERO","MARZO","ABRIL","MAYO","JUNIO","JULIO","AGOSTO","SEPTIEMBRE","OCTUBRE","NOVIEMBRE","DICIEMBRE"}, 0), 1,2,3,4,5,6,7,8,9,10,11,12), A53) -> 44338 | H53: 25.75 | I53: 40000 | J53: =DATE(2019,1,1) + ROW()-1 -> 43518 | K53: =VLOOKUP(J53, G:H, 2, FALSE) -> #N/A
A54: 23 | B54: MAYO | C54: 2021 | D54: 27 | E54: 56 | F54: 59 | G54: =DATE(C54, CHOOSE(MATCH(UPPER(B54), {"ENERO","FEBRERO","MARZO","ABRIL","MAYO","JUNIO","JULIO","AGOSTO","SEPTIEMBRE","OCTUBRE","NOVIEMBRE","DICIEMBRE"}, 0), 1,2,3,4,5,6,7,8,9,10,11,12), A54) -> 44339 | H54: 24 | I54: 40000 | J54: =DATE(2019,1,1) + ROW()-1 -> 43519 | K54: =VLOOKUP(J54, G:H, 2, FALSE) -> #N/A
A55: 24 | B55: MAYO | C55: 2021 | D55: 59 | E55: NA | F55: 43.25 | G55: =DATE(C55, CHOOSE(MATCH(UPPER(B55), {"ENERO","FEBRERO","MARZO","ABRIL","MAYO","JUNIO","JULIO","AGOSTO","SEPTIEMBRE","OCTUBRE","NOVIEMBRE","DICIEMBRE"}, 0), 1,2,3,4,5,6,7,8,9,10,11,12), A55) -> 44340 | H55: 15.75 | I55: 40000 | J55: =DATE(2019,1,1) + ROW()-1 -> 43520 | K55: =VLOOKUP(J55, G:H, 2, FALSE) -> #N/A
A56: 25 | B56: MAYO | C56: 2021 | D56: 43.25 | E56: NA | F56: 29 | G56: =DATE(C56, CHOOSE(MATCH(UPPER(B56), {"ENERO","FEBRERO","MARZO","ABRIL","MAYO","JUNIO","JULIO","AGOSTO","SEPTIEMBRE","OCTUBRE","NOVIEMBRE","DICIEMBRE"}, 0), 1,2,3,4,5,6,7,8,9,10,11,12), A56) -> 44341 | H56: 14.25 | I56: 40000 | J56: =DATE(2019,1,1) + ROW()-1 -> 43521 | K56: =VLOOKUP(J56, G:H, 2, FALSE) -> #N/A
A57: 26 | B57: MAYO | C57: 2021 | D57: 29 | E57: NA | F57: 17.75 | G57: =DATE(C57, CHOOSE(MATCH(UPPER(B57), {"ENERO","FEBRERO","MARZO","ABRIL","MAYO","JUNIO","JULIO","AGOSTO","SEPTIEMBRE","OCTUBRE","NOVIEMBRE","DICIEMBRE"}, 0), 1,2,3,4,5,6,7,8,9,10,11,12), A57) -> 44342 | H57: 11.25 | I57: 40000 | J57: =DATE(2019,1,1) + ROW()-1 -> 43522 | K57: =VLOOKUP(J57, G:H, 2, FALSE) -> #N/A
A58: 27 | B58: MAYO | C58: 2021 | D58: 17.75 | E58: NA | F58: 1.25 | G58: =DATE(C58, CHOOSE(MATCH(UPPER(B58), {"ENERO","FEBRERO","MARZO","ABRIL","MAYO","JUNIO","JULIO","AGOSTO","SEPTIEMBRE","OCTUBRE","NOVIEMBRE","DICIEMBRE"}, 0), 1,2,3,4,5,6,7,8,9,10,11,12), A58) -> 44343 | H58: 16.5 | I58: 40000 | J58: =DATE(2019,1,1) + ROW()-1 -> 43523 | K58: =VLOOKUP(J58, G:H, 2, FALSE) -> #N/A
A59: 28 | B59: MAYO | C59: 2021 | D59: 1.25 | E59: 67 | F59: 52 | G59: =DATE(C59, CHOOSE(MATCH(UPPER(B59), {"ENERO","FEBRERO","MARZO","ABRIL","MAYO","JUNIO","JULIO","AGOSTO","SEPTIEMBRE","OCTUBRE","NOVIEMBRE","DICIEMBRE"}, 0), 1,2,3,4,5,6,7,8,9,10,11,12), A59) -> 44344 | H59: 16.25 | I59: 40000 | J59: =DATE(2019,1,1) + ROW()-1 -> 43524 | K59: =VLOOKUP(J59, G:H, 2, FALSE) -> #N/A
A60: 29 | B60: MAYO | C60: 2021 | D60: 52 | E60: 3 | F60: 24 | G60: =DATE(C60, CHOOSE(MATCH(UPPER(B60), {"ENERO","FEBRERO","MARZO","ABRIL","MAYO","JUNIO","JULIO","AGOSTO","SEPTIEMBRE","OCTUBRE","NOVIEMBRE","DICIEMBRE"}, 0), 1,2,3,4,5,6,7,8,9,10,11,12), A60) -> 44345 | H60: 31 | I60: 40000 | J60: =DATE(2019,1,1) + ROW()-1 -> 43525 | K60: =VLOOKUP(J60, G:H, 2, FALSE) -> #N/A
A61: 30 | B61: MAYO | C61: 2021 | D61: 24 | E61: 34 | F61: 23.125 | G61: =DATE(C61, CHOOSE(MATCH(UPPER(B61), {"ENERO","FEBRERO","MARZO","ABRIL","MAYO","JUNIO","JULIO","AGOSTO","SEPTIEMBRE","OCTUBRE","NOVIEMBRE","DICIEMBRE"}, 0), 1,2,3,4,5,6,7,8,9,10,11,12), A61) -> 44346 | H61: 34.875 | I61: 40000 | J61: =DATE(2019,1,1) + ROW()-1 -> 43526 | K61: =VLOOKUP(J61, G:H, 2, FALSE) -> #N/A
A62: 31 | B62: MAYO | C62: 2021 | D62: 23.125 | E62: 30 | F62: 41 | G62: =DATE(C62, CHOOSE(MATCH(UPPER(B62), {"ENERO","FEBRERO","MARZO","ABRIL","MAYO","JUNIO","JULIO","AGOSTO","SEPTIEMBRE","OCTUBRE","NOVIEMBRE","DICIEMBRE"}, 0), 1,2,3,4,5,6,7,8,9,10,11,12), A62) -> 44347 | H62: 12.125 | I62: 40000 | J62: =DATE(2019,1,1) + ROW()-1 -> 43527 | K62: =VLOOKUP(J62, G:H, 2, FALSE) -> #N/A
A63: 1 | B63: JUNIO | C63: 2021 | D63: 41 | E63: NA | F63: 21 | G63: =DATE(C63, CHOOSE(MATCH(UPPER(B63), {"ENERO","FEBRERO","MARZO","ABRIL","MAYO","JUNIO","JULIO","AGOSTO","SEPTIEMBRE","OCTUBRE","NOVIEMBRE","DICIEMBRE"}, 0), 1,2,3,4,5,6,7,8,9,10,11,12), A63) -> 44348 | H63: 20 | I63: 40000 | J63: =DATE(2019,1,1) + ROW()-1 -> 43528 | K63: =VLOOKUP(J63, G:H, 2, FALSE) -> #N/A
A64: 2 | B64: JUNIO | C64: 2021 | D64: 21 | E64: 20 | F64: 20 | G64: =DATE(C64, CHOOSE(MATCH(UPPER(B64), {"ENERO","FEBRERO","MARZO","ABRIL","MAYO","JUNIO","JULIO","AGOSTO","SEPTIEMBRE","OCTUBRE","NOVIEMBRE","DICIEMBRE"}, 0), 1,2,3,4,5,6,7,8,9,10,11,12), A64) -> 44349 | H64: 21 | I64: 40000 | J64: =DATE(2019,1,1) + ROW()-1 -> 43529 | K64: =VLOOKUP(J64, G:H, 2, FALSE) -> #N/A
A65: 3 | B65: JUNIO | C65: 2021 | D65: 20 | E65: NA | F65: 2.5 | G65: =DATE(C65, CHOOSE(MATCH(UPPER(B65), {"ENERO","FEBRERO","MARZO","ABRIL","MAYO","JUNIO","JULIO","AGOSTO","SEPTIEMBRE","OCTUBRE","NOVIEMBRE","DICIEMBRE"}, 0), 1,2,3,4,5,6,7,8,9,10,11,12), A65) -> 44350 | H65: 17.5 | I65: 40000 | J65: =DATE(2019,1,1) + ROW()-1 -> 43530 | K65: =VLOOKUP(J65, G:H, 2, FALSE) -> #N/A
A66: 4 | B66: JUNIO | C66: 2021 | D66: 2.5 | E66: 33 | F66: 13.875 | G66: =DATE(C66, CHOOSE(MATCH(UPPER(B66), {"ENERO","FEBRERO","MARZO","ABRIL","MAYO","JUNIO","JULIO","AGOSTO","SEPTIEMBRE","OCTUBRE","NOVIEMBRE","DICIEMBRE"}, 0), 1,2,3,4,5,6,7,8,9,10,11,12), A66) -> 44351 | H66: 21.625 | I66: 40000 | J66: =DATE(2019,1,1) + ROW()-1 -> 43531 | K66: =VLOOKUP(J66, G:H, 2, FALSE) -> #N/A
A67: 5 | B67: JUNIO | C67: 2021 | D67: 13.875 | E67: 50 | F67: 34 | G67: =DATE(C67, CHOOSE(MATCH(UPPER(B67), {"ENERO","FEBRERO","MARZO","ABRIL","MAYO","JUNIO","JULIO","AGOSTO","SEPTIEMBRE","OCTUBRE","NOVIEMBRE","DICIEMBRE"}, 0), 1,2,3,4,5,6,7,8,9,10,11,12), A67) -> 44352 | H67: 29.875 | I67: 40000 | J67: =DATE(2019,1,1) + ROW()-1 -> 43532 | K67: =VLOOKUP(J67, G:H, 2, FALSE) -> #N/A
A68: 6 | B68: JUNIO | C68: 2021 | D68: 34 | E68: 50 | F68: 54 | G68: =DATE(C68, CHOOSE(MATCH(UPPER(B68), {"ENERO","FEBRERO","MARZO","ABRIL","MAYO","JUNIO","JULIO","AGOSTO","SEPTIEMBRE","OCTUBRE","NOVIEMBRE","DICIEMBRE"}, 0), 1,2,3,4,5,6,7,8,9,10,11,12), A68) -> 44353 | H68: 30 | I68: 40000 | J68: =DATE(2019,1,1) + ROW()-1 -> 43533 | K68: =VLOOKUP(J68, G:H, 2, FALSE) -> #N/A
A69: 7 | B69: JUNIO | C69: 2021 | D69: 54 | E69: NA | F69: 30.5 | G69: =DATE(C69, CHOOSE(MATCH(UPPER(B69), {"ENERO","FEBRERO","MARZO","ABRIL","MAYO","JUNIO","JULIO","AGOSTO","SEPTIEMBRE","OCTUBRE","NOVIEMBRE","DICIEMBRE"}, 0), 1,2,3,4,5,6,7,8,9,10,11,12), A69) -> 44354 | H69: 23.5 | I69: 40000 | J69: =DATE(2019,1,1) + ROW()-1 -> 43534 | K69: =VLOOKUP(J69, G:H, 2, FALSE) -> #N/A
A70: 8 | B70: JUNIO | C70: 2021 | D70: 30.5 | E70: NA | F70: 10.75 | G70: =DATE(C70, CHOOSE(MATCH(UPPER(B70), {"ENERO","FEBRERO","MARZO","ABRIL","MAYO","JUNIO","JULIO","AGOSTO","SEPTIEMBRE","OCTUBRE","NOVIEMBRE","DICIEMBRE"}, 0), 1,2,3,4,5,6,7,8,9,10,11,12), A70) -> 44355 | H70: 19.75 | I70: 40000 | J70: =DATE(2019,1,1) + ROW()-1 -> 43535 | K70: =VLOOKUP(J70, G:H, 2, FALSE) -> #N/A
A71: 9 | B71: JUNIO | C71: 2021 | D71: 10.75 | E71: 28 | F71: 26.875 | G71: =DATE(C71, CHOOSE(MATCH(UPPER(B71), {"ENERO","FEBRERO","MARZO","ABRIL","MAYO","JUNIO","JULIO","AGOSTO","SEPTIEMBRE","OCTUBRE","NOVIEMBRE","DICIEMBRE"}, 0), 1,2,3,4,5,6,7,8,9,10,11,12), A71) -> 44356 | H71: 11.875 | I71: 40000 | J71: =DATE(2019,1,1) + ROW()-1 -> 43536 | K71: =VLOOKUP(J71, G:H, 2, FALSE) -> #N/A
A72: 10 | B72: JUNIO | C72: 2021 | D72: 26.875 | E72: NA | F72: 6.75 | G72: =DATE(C72, CHOOSE(MATCH(UPPER(B72), {"ENERO","FEBRERO","MARZO","ABRIL","MAYO","JUNIO","JULIO","AGOSTO","SEPTIEMBRE","OCTUBRE","NOVIEMBRE","DICIEMBRE"}, 0), 1,2,3,4,5,6,7,8,9,10,11,12), A72) -> 44357 | H72: 20.125 | I72: 40000 | J72: =DATE(2019,1,1) + ROW()-1 -> 43537 | K72: =VLOOKUP(J72, G:H, 2, FALSE) -> #N/A
A73: 11 | B73: JUNIO | C73: 2021 | D73: 6.75 | E73: 40 | F73: 31 | G73: =DATE(C73, CHOOSE(MATCH(UPPER(B73), {"ENERO","FEBRERO","MARZO","ABRIL","MAYO","JUNIO","JULIO","AGOSTO","SEPTIEMBRE","OCTUBRE","NOVIEMBRE","DICIEMBRE"}, 0), 1,2,3,4,5,6,7,8,9,10,11,12), A73) -> 44358 | H73: 15.75 | I73: 40000 | J73: =DATE(2019,1,1) + ROW()-1 -> 43538 | K73: =VLOOKUP(J73, G:H, 2, FALSE) -> #N/A
A74: 12 | B74: JUNIO | C74: 2021 | D74: 31 | E74: 40 | F74: 46.625 | G74: =DATE(C74, CHOOSE(MATCH(UPPER(B74), {"ENERO","FEBRERO","MARZO","ABRIL","MAYO","JUNIO","JULIO","AGOSTO","SEPTIEMBRE","OCTUBRE","NOVIEMBRE","DICIEMBRE"}, 0), 1,2,3,4,5,6,7,8,9,10,11,12), A74) -> 44359 | H74: 24.375 | I74: 40000 | J74: =DATE(2019,1,1) + ROW()-1 -> 43539 | K74: =VLOOKUP(J74, G:H, 2, FALSE) -> #N/A
A75: 13 | B75: JUNIO | C75: 2021 | D75: 46.625 | E75: NA | F75: 17.75 | G75: =DATE(C75, CHOOSE(MATCH(UPPER(B75), {"ENERO","FEBRERO","MARZO","ABRIL","MAYO","JUNIO","JULIO","AGOSTO","SEPTIEMBRE","OCTUBRE","NOVIEMBRE","DICIEMBRE"}, 0), 1,2,3,4,5,6,7,8,9,10,11,12), A75) -> 44360 | H75: 28.875 | I75: 40000 | J75: =DATE(2019,1,1) + ROW()-1 -> 43540 | K75: =VLOOKUP(J75, G:H, 2, FALSE) -> #N/A
A76: 14 | B76: JUNIO | C76: 2021 | D76: 17.75 | E76: 58 | F76: 60.25 | G76: =DATE(C76, CHOOSE(MATCH(UPPER(B76), {"ENERO","FEBRERO","MARZO","ABRIL","MAYO","JUNIO","JULIO","AGOSTO","SEPTIEMBRE","OCTUBRE","NOVIEMBRE","DICIEMBRE"}, 0), 1,2,3,4,5,6,7,8,9,10,11,12), A76) -> 44361 | H76: 15.5 | I76: 40000 | J76: =DATE(2019,1,1) + ROW()-1 -> 43541 | K76: =VLOOKUP(J76, G:H, 2, FALSE) -> #N/A
A77: 15 | B77: JUNIO | C77: 2021 | D77: 60.25 | E77: NA | F77: 42.625 | G77: =DATE(C77, CHOOSE(MATCH(UPPER(B77), {"ENERO","FEBRERO","MARZO","ABRIL","MAYO","JUNIO","JULIO","AGOSTO","SEPTIEMBRE","OCTUBRE","NOVIEMBRE","DICIEMBRE"}, 0), 1,2,3,4,5,6,7,8,9,10,11,12), A77) -> 44362 | H77: 17.625 | I77: 40000 | J77: =DATE(2019,1,1) + ROW()-1 -> 43542 | K77: =VLOOKUP(J77, G:H, 2, FALSE) -> #N/A
A78: 16 | B78: JUNIO | C78: 2021 | D78: 42.625 | E78: NA | F78: 26.875 | G78: =DATE(C78, CHOOSE(MATCH(UPPER(B78), {"ENERO","FEBRERO","MARZO","ABRIL","MAYO","JUNIO","JULIO","AGOSTO","SEPTIEMBRE","OCTUBRE","NOVIEMBRE","DICIEMBRE"}, 0), 1,2,3,4,5,6,7,8,9,10,11,12), A78) -> 44363 | H78: 15.75 | I78: 40000 | J78: =DATE(2019,1,1) + ROW()-1 -> 43543 | K78: =VLOOKUP(J78, G:H, 2, FALSE) -> #N/A
A79: 17 | B79: JUNIO | C79: 2021 | D79: 26.875 | E79: 30 | F79: 41.875 | G79: =DATE(C79, CHOOSE(MATCH(UPPER(B79), {"ENERO","FEBRERO","MARZO","ABRIL","MAYO","JUNIO","JULIO","AGOSTO","SEPTIEMBRE","OCTUBRE","NOVIEMBRE","DICIEMBRE"}, 0), 1,2,3,4,5,6,7,8,9,10,11,12), A79) -> 44364 | H79: 15 | I79: 40000 | J79: =DATE(2019,1,1) + ROW()-1 -> 43544 | K79: =VLOOKUP(J79, G:H, 2, FALSE) -> #N/A
A80: 18 | B80: JUNIO | C80: 2021 | D80: 41.875 | E80: NA | F80: 26.375 | G80: =DATE(C80, CHOOSE(MATCH(UPPER(B80), {"ENERO","FEBRERO","MARZO","ABRIL","MAYO","JUNIO","JULIO","AGOSTO","SEPTIEMBRE","OCTUBRE","NOVIEMBRE","DICIEMBRE"}, 0), 1,2,3,4,5,6,7,8,9,10,11,12), A80) -> 44365 | H80: 15.5 | I80: 40000 | J80: =DATE(2019,1,1) + ROW()-1 -> 43545 | K80: =VLOOKUP(J80, G:H, 2, FALSE) -> #N/A
A81: 19 | B81: JUNIO | C81: 2021 | D81: 26.375 | E81: 50 | F81: 45.75 | G81: =DATE(C81, CHOOSE(MATCH(UPPER(B81), {"ENERO","FEBRERO","MARZO","ABRIL","MAYO","JUNIO","JULIO","AGOSTO","SEPTIEMBRE","OCTUBRE","NOVIEMBRE","DICIEMBRE"}, 0), 1,2,3,4,5,6,7,8,9,10,11,12), A81) -> 44366 | H81: 30.625 | I81: 40000 | J81: =DATE(2019,1,1) + ROW()-1 -> 43546 | K81: =VLOOKUP(J81, G:H, 2, FALSE) -> #N/A
A82: 20 | B82: JUNIO | C82: 2021 | D82: 45.75 | E82: NA | F82: 16.5 | G82: =DATE(C82, CHOOSE(MATCH(UPPER(B82), {"ENERO","FEBRERO","MARZO","ABRIL","MAYO","JUNIO","JULIO","AGOSTO","SEPTIEMBRE","OCTUBRE","NOVIEMBRE","DICIEMBRE"}, 0), 1,2,3,4,5,6,7,8,9,10,11,12), A82) -> 44367 | H82: 29.25 | I82: 40000 | J82: =DATE(2019,1,1) + ROW()-1 -> 43547 | K82: =VLOOKUP(J82, G:H, 2, FALSE) -> #N/A
A83: 21 | B83: JUNIO | C83: 2021 | D83: 16.5 | E83: NA | F83: 0.75 | G83: =DATE(C83, CHOOSE(MATCH(UPPER(B83), {"ENERO","FEBRERO","MARZO","ABRIL","MAYO","JUNIO","JULIO","AGOSTO","SEPTIEMBRE","OCTUBRE","NOVIEMBRE","DICIEMBRE"}, 0), 1,2,3,4,5,6,7,8,9,10,11,12), A83) -> 44368 | H83: 15.75 | I83: 40000 | J83: =DATE(2019,1,1) + ROW()-1 -> 43548 | K83: =VLOOKUP(J83, G:H, 2, FALSE) -> #N/A
A84: 22 | B84: JUNIO | C84: 2021 | D84: 0.75 | E84: 20 | F84: 10.375 | G84: =DATE(C84, CHOOSE(MATCH(UPPER(B84), {"ENERO","FEBRERO","MARZO","ABRIL","MAYO","JUNIO","JULIO","AGOSTO","SEPTIEMBRE","OCTUBRE","NOVIEMBRE","DICIEMBRE"}, 0), 1,2,3,4,5,6,7,8,9,10,11,12), A84) -> 44369 | H84: 10.375 | I84: 40000 | J84: =DATE(2019,1,1) + ROW()-1 -> 43549 | K84: =VLOOKUP(J84, G:H, 2, FALSE) -> #N/A
A85: 23 | B85: JUNIO | C85: 2021 | D85: 10.375 | E85: 104 | F85: 100.375 | G85: =DATE(C85, CHOOSE(MATCH(UPPER(B85), {"ENERO","FEBRERO","MARZO","ABRIL","MAYO","JUNIO","JULIO","AGOSTO","SEPTIEMBRE","OCTUBRE","NOVIEMBRE","DICIEMBRE"}, 0), 1,2,3,4,5,6,7,8,9,10,11,12), A85) -> 44370 | H85: 14 | I85: 40000 | J85: =DATE(2019,1,1) + ROW()-1 -> 43550 | K85: =VLOOKUP(J85, G:H, 2, FALSE) -> #N/A
A86: 24 | B86: JUNIO | C86: 2021 | D86: 100.375 | E86: NA | F86: 79 | G86: =DATE(C86, CHOOSE(MATCH(UPPER(B86), {"ENERO","FEBRERO","MARZO","ABRIL","MAYO","JUNIO","JULIO","AGOSTO","SEPTIEMBRE","OCTUBRE","NOVIEMBRE","DICIEMBRE"}, 0), 1,2,3,4,5,6,7,8,9,10,11,12), A86) -> 44371 | H86: 21.375 | I86: 40000 | J86: =DATE(2019,1,1) + ROW()-1 -> 43551 | K86: =VLOOKUP(J86, G:H, 2, FALSE) -> #N/A
A87: 25 | B87: JUNIO | C87: 2021 | D87: 79 | E87: NA | F87: 53.375 | G87: =DATE(C87, CHOOSE(MATCH(UPPER(B87), {"ENERO","FEBRERO","MARZO","ABRIL","MAYO","JUNIO","JULIO","AGOSTO","SEPTIEMBRE","OCTUBRE","NOVIEMBRE","DICIEMBRE"}, 0), 1,2,3,4,5,6,7,8,9,10,11,12), A87) -> 44372 | H87: 25.625 | I87: 40000 | J87: =DATE(2019,1,1) + ROW()-1 -> 43552 | K87: =VLOOKUP(J87, G:H, 2, FALSE) -> #N/A
A88: 26 | B88: JUNIO | C88: 2021 | D88: 53.375 | E88: NA | F88: 27.75 | G88: =DATE(C88, CHOOSE(MATCH(UPPER(B88), {"ENERO","FEBRERO","MARZO","ABRIL","MAYO","JUNIO","JULIO","AGOSTO","SEPTIEMBRE","OCTUBRE","NOVIEMBRE","DICIEMBRE"}, 0), 1,2,3,4,5,6,7,8,9,10,11,12), A88) -> 44373 | H88: 25.625 | I88: 40000 | J88: =DATE(2019,1,1) + ROW()-1 -> 43553 | K88: =VLOOKUP(J88, G:H, 2, FALSE) -> #N/A
A89: 27 | B89: JUNIO | C89: 2021 | D89: 27.75 | E89: NA | F89: 1.75 | G89: =DATE(C89, CHOOSE(MATCH(UPPER(B89), {"ENERO","FEBRERO","MARZO","ABRIL","MAYO","JUNIO","JULIO","AGOSTO","SEPTIEMBRE","OCTUBRE","NOVIEMBRE","DICIEMBRE"}, 0), 1,2,3,4,5,6,7,8,9,10,11,12), A89) -> 44374 | H89: 26 | I89: 40000 | J89: =DATE(2019,1,1) + ROW()-1 -> 43554 | K89: =VLOOKUP(J89, G:H, 2, FALSE) -> #N/A
A90: 28 | B90: JUNIO | C90: 2021 | D90: 1.75 | E90: 34 | F90: 16.5 | G90: =DATE(C90, CHOOSE(MATCH(UPPER(B90), {"ENERO","FEBRERO","MARZO","ABRIL","MAYO","JUNIO","JULIO","AGOSTO","SEPTIEMBRE","OCTUBRE","NOVIEMBRE","DICIEMBRE"}, 0), 1,2,3,4,5,6,7,8,9,10,11,12), A90) -> 44375 | H90: 19.25 | I90: 40000 | J90: =DATE(2019,1,1) + ROW()-1 -> 43555 | K90: =VLOOKUP(J90, G:H, 2, FALSE) -> #N/A
A91: 29 | B91: JUNIO | C91: 2021 | D91: 16.5 | E91: 30 | F91: 27.125 | G91: =DATE(C91, CHOOSE(MATCH(UPPER(B91), {"ENERO","FEBRERO","MARZO","ABRIL","MAYO","JUNIO","JULIO","AGOSTO","SEPTIEMBRE","OCTUBRE","NOVIEMBRE","DICIEMBRE"}, 0), 1,2,3,4,5,6,7,8,9,10,11,12), A91) -> 44376 | H91: 19.375 | I91: 40000 | J91: =DATE(2019,1,1) + ROW()-1 -> 43556 | K91: =VLOOKUP(J91, G:H, 2, FALSE) -> #N/A
A92: 30 | B92: JUNIO | C92: 2021 | D92: 27.125 | E92: 11 | F92: 20 | G92: =DATE(C92, CHOOSE(MATCH(UPPER(B92), {"ENERO","FEBRERO","MARZO","ABRIL","MAYO","JUNIO","JULIO","AGOSTO","SEPTIEMBRE","OCTUBRE","NOVIEMBRE","DICIEMBRE"}, 0), 1,2,3,4,5,6,7,8,9,10,11,12), A92) -> 44377 | H92: 18.125 | I92: 40000 | J92: =DATE(2019,1,1) + ROW()-1 -> 43557 | K92: =VLOOKUP(J92, G:H, 2, FALSE) -> #N/A
A93: 1 | B93: JULIO | C93: 2021 | D93: 20 | E93: NA | F93: 5.125 | G93: =DATE(C93, CHOOSE(MATCH(UPPER(B93), {"ENERO","FEBRERO","MARZO","ABRIL","MAYO","JUNIO","JULIO","AGOSTO","SEPTIEMBRE","OCTUBRE","NOVIEMBRE","DICIEMBRE"}, 0), 1,2,3,4,5,6,7,8,9,10,11,12), A93) -> 44378 | H93: 14.875 | I93: 40000 | J93: =DATE(2019,1,1) + ROW()-1 -> 43558 | K93: =VLOOKUP(J93, G:H, 2, FALSE) -> #N/A
A94: 2 | B94: JULIO | C94: 2021 | D94: 5.125 | E94: 50 | F94: 36.5 | G94: =DATE(C94, CHOOSE(MATCH(UPPER(B94), {"ENERO","FEBRERO","MARZO","ABRIL","MAYO","JUNIO","JULIO","AGOSTO","SEPTIEMBRE","OCTUBRE","NOVIEMBRE","DICIEMBRE"}, 0), 1,2,3,4,5,6,7,8,9,10,11,12), A94) -> 44379 | H94: 18.625 | I94: 40000 | J94: =DATE(2019,1,1) + ROW()-1 -> 43559 | K94: =VLOOKUP(J94, G:H, 2, FALSE) -> #N/A
A95: 3 | B95: JULIO | C95: 2021 | D95: 36.5 | E95: NA | F95: 11.5 | G95: =DATE(C95, CHOOSE(MATCH(UPPER(B95), {"ENERO","FEBRERO","MARZO","ABRIL","MAYO","JUNIO","JULIO","AGOSTO","SEPTIEMBRE","OCTUBRE","NOVIEMBRE","DICIEMBRE"}, 0), 1,2,3,4,5,6,7,8,9,10,11,12), A95) -> 44380 | H95: 25 | I95: 40000 | J95: =DATE(2019,1,1) + ROW()-1 -> 43560 | K95: =VLOOKUP(J95, G:H, 2, FALSE) -> #N/A
A96: 4 | B96: JULIO | C96: 2021 | D96: 11.5 | E96: 15 | F96: 1 | G96: =DATE(C96, CHOOSE(MATCH(UPPER(B96), {"ENERO","FEBRERO","MARZO","ABRIL","MAYO","JUNIO","JULIO","AGOSTO","SEPTIEMBRE","OCTUBRE","NOVIEMBRE","DICIEMBRE"}, 0), 1,2,3,4,5,6,7,8,9,10,11,12), A96) -> 44381 | H96: 25.5 | I96: 40000 | J96: =DATE(2019,1,1) + ROW()-1 -> 43561 | K96: =VLOOKUP(J96, G:H, 2, FALSE) -> #N/A
A97: 5 | B97: JULIO | C97: 2021 | D97: 1 | E97: 30 | F97: 11 | G97: =DATE(C97, CHOOSE(MATCH(UPPER(B97), {"ENERO","FEBRERO","MARZO","ABRIL","MAYO","JUNIO","JULIO","AGOSTO","SEPTIEMBRE","OCTUBRE","NOVIEMBRE","DICIEMBRE"}, 0), 1,2,3,4,5,6,7,8,9,10,11,12), A97) -> 44382 | H97: 20 | I97: 40000 | J97: =DATE(2019,1,1) + ROW()-1 -> 43562 | K97: =VLOOKUP(J97, G:H, 2, FALSE) -> #N/A
A98: 6 | B98: JULIO | C98: 2021 | D98: 11 | E98: 23 | F98: 18.5 | G98: =DATE(C98, CHOOSE(MATCH(UPPER(B98), {"ENERO","FEBRERO","MARZO","ABRIL","MAYO","JUNIO","JULIO","AGOSTO","SEPTIEMBRE","OCTUBRE","NOVIEMBRE","DICIEMBRE"}, 0), 1,2,3,4,5,6,7,8,9,10,11,12), A98) -> 44383 | H98: 15.5 | I98: 40000 | J98: =DATE(2019,1,1) + ROW()-1 -> 43563 | K98: =VLOOKUP(J98, G:H, 2, FALSE) -> #N/A
A99: 7 | B99: JULIO | C99: 2021 | D99: 18.5 | E99: 50 | F99: 56.125 | G99: =DATE(C99, CHOOSE(MATCH(UPPER(B99), {"ENERO","FEBRERO","MARZO","ABRIL","MAYO","JUNIO","JULIO","AGOSTO","SEPTIEMBRE","OCTUBRE","NOVIEMBRE","DICIEMBRE"}, 0), 1,2,3,4,5,6,7,8,9,10,11,12), A99) -> 44384 | H99: 12.375 | I99: 40000 | J99: =DATE(2019,1,1) + ROW()-1 -> 43564 | K99: =VLOOKUP(J99, G:H, 2, FALSE) -> #N/A
A100: 8 | B100: JULIO | C100: 2021 | D100: 56.125 | E100: NA | F100: 47.875 | G100: =DATE(C100, CHOOSE(MATCH(UPPER(B100), {"ENERO","FEBRERO","MARZO","ABRIL","MAYO","JUNIO","JULIO","AGOSTO","SEPTIEMBRE","OCTUBRE","NOVIEMBRE","DICIEMBRE"}, 0), 1,2,3,4,5,6,7,8,9,10,11,12), A100) -> 44385 | H100: 8.25 | I100: 40000 | J100: =DATE(2019,1,1) + ROW()-1 -> 43565 | K100: =VLOOKUP(J100, G:H, 2, FALSE) -> #N/A
...

Sheet Terraplaza
A1: dia | B1: mes | C1: anio | D1: inventario_inicial_pizza | E1: entrada_pizza | F1: inventario_final_pizza | G1: Fecha | H1: venta_pizza | I1: precio_venta_pizza | J1: =DATE(2019,1,1) + ROW()-1 -> 43466 | K1: =VLOOKUP(J1, G:H, 2, FALSE) -> 59.25
A2: 1 | B2: ENERO | C2: 2019 | D2: 81 | E2: 20 | F2: 41.75 | G2: =DATE(C2, CHOOSE(MATCH(UPPER(B2), {"ENERO","FEBRERO","MARZO","ABRIL","MAYO","JUNIO","JULIO","AGOSTO","SEPTIEMBRE","OCTUBRE","NOVIEMBRE","DICIEMBRE"}, 0), 1,2,3,4,5,6,7,8,9,10,11,12), A2) -> 43466 | H2: 59.25 | I2: 32000 | J2: =DATE(2019,1,1) + ROW()-1 -> 43467 | K2: =VLOOKUP(J2, G:H, 2, FALSE) -> 60.75
A3: 2 | B3: ENERO | C3: 2019 | D3: 41.75 | E3: 101 | F3: 82 | G3: =DATE(C3, CHOOSE(MATCH(UPPER(B3), {"ENERO","FEBRERO","MARZO","ABRIL","MAYO","JUNIO","JULIO","AGOSTO","SEPTIEMBRE","OCTUBRE","NOVIEMBRE","DICIEMBRE"}, 0), 1,2,3,4,5,6,7,8,9,10,11,12), A3) -> 43467 | H3: 60.75 | I3: 32000 | J3: =DATE(2019,1,1) + ROW()-1 -> 43468 | K3: =VLOOKUP(J3, G:H, 2, FALSE) -> 38
A4: 3 | B4: ENERO | C4: 2019 | D4: 82 | E4: NA | F4: 44 | G4: =DATE(C4, CHOOSE(MATCH(UPPER(B4), {"ENERO","FEBRERO","MARZO","ABRIL","MAYO","JUNIO","JULIO","AGOSTO","SEPTIEMBRE","OCTUBRE","NOVIEMBRE","DICIEMBRE"}, 0), 1,2,3,4,5,6,7,8,9,10,11,12), A4) -> 43468 | H4: 38 | I4: 32000 | J4: =DATE(2019,1,1) + ROW()-1 -> 43469 | K4: =VLOOKUP(J4, G:H, 2, FALSE) -> 41.25
A5: 4 | B5: ENERO | C5: 2019 | D5: 44 | E5: 100 | F5: 102.75 | G5: =DATE(C5, CHOOSE(MATCH(UPPER(B5), {"ENERO","FEBRERO","MARZO","ABRIL","MAYO","JUNIO","JULIO","AGOSTO","SEPTIEMBRE","OCTUBRE","NOVIEMBRE","DICIEMBRE"}, 0), 1,2,3,4,5,6,7,8,9,10,11,12), A5) -> 43469 | H5: 41.25 | I5: 32000 | J5: =DATE(2019,1,1) + ROW()-1 -> 43470 | K5: =VLOOKUP(J5, G:H, 2, FALSE) -> 32.75
A6: 5 | B6: ENERO | C6: 2019 | D6: 102.75 | E6: -49 | F6: 21 | G6: =DATE(C6, CHOOSE(MATCH(UPPER(B6), {"ENERO","FEBRERO","MARZO","ABRIL","MAYO","JUNIO","JULIO","AGOSTO","SEPTIEMBRE","OCTUBRE","NOVIEMBRE","DICIEMBRE"}, 0), 1,2,3,4,5,6,7,8,9,10,11,12), A6) -> 43470 | H6: 32.75 | I6: 32000 | J6: =DATE(2019,1,1) + ROW()-1 -> 43471 | K6: =VLOOKUP(J6, G:H, 2, FALSE) -> 23.75
A7: 6 | B7: ENERO | C7: 2019 | D7: 21 | E7: 50 | F7: 47.25 | G7: =DATE(C7, CHOOSE(MATCH(UPPER(B7), {"ENERO","FEBRERO","MARZO","ABRIL","MAYO","JUNIO","JULIO","AGOSTO","SEPTIEMBRE","OCTUBRE","NOVIEMBRE","DICIEMBRE"}, 0), 1,2,3,4,5,6,7,8,9,10,11,12), A7) -> 43471 | H7: 23.75 | I7: 32000 | J7: =DATE(2019,1,1) + ROW()-1 -> 43472 | K7: =VLOOKUP(J7, G:H, 2, FALSE) -> 53.25
A8: 7 | B8: ENERO | C8: 2019 | D8: 47.25 | E8: 60 | F8: 54 | G8: =DATE(C8, CHOOSE(MATCH(UPPER(B8), {"ENERO","FEBRERO","MARZO","ABRIL","MAYO","JUNIO","JULIO","AGOSTO","SEPTIEMBRE","OCTUBRE","NOVIEMBRE","DICIEMBRE"}, 0), 1,2,3,4,5,6,7,8,9,10,11,12), A8) -> 43472 | H8: 53.25 | I8: 32000 | J8: =DATE(2019,1,1) + ROW()-1 -> 43473 | K8: =VLOOKUP(J8, G:H, 2, FALSE) -> 53.75
A9: 8 | B9: ENERO | C9: 2019 | D9: 54 | E9: 30 | F9: 30.25 | G9: =DATE(C9, CHOOSE(MATCH(UPPER(B9), {"ENERO","FEBRERO","MARZO","ABRIL","MAYO","JUNIO","JULIO","AGOSTO","SEPTIEMBRE","OCTUBRE","NOVIEMBRE","DICIEMBRE"}, 0), 1,2,3,4,5,6,7,8,9,10,11,12), A9) -> 43473 | H9: 53.75 | I9: 32000 | J9: =DATE(2019,1,1) + ROW()-1 -> 43474 | K9: =VLOOKUP(J9, G:H, 2, FALSE) -> 52.25
A10: 9 | B10: ENERO | C10: 2019 | D10: 30.25 | E10: 150 | F10: 128 | G10: =DATE(C10, CHOOSE(MATCH(UPPER(B10), {"ENERO","FEBRERO","MARZO","ABRIL","MAYO","JUNIO","JULIO","AGOSTO","SEPTIEMBRE","OCTUBRE","NOVIEMBRE","DICIEMBRE"}, 0), 1,2,3,4,5,6,7,8,9,10,11,12), A10) -> 43474 | H10: 52.25 | I10: 32000 | J10: =DATE(2019,1,1) + ROW()-1 -> 43475 | K10: =VLOOKUP(J10, G:H, 2, FALSE) -> 46.5
A11: 10 | B11: ENERO | C11: 2019 | D11: 128 | E11: NA | F11: 81.5 | G11: =DATE(C11, CHOOSE(MATCH(UPPER(B11), {"ENERO","FEBRERO","MARZO","ABRIL","MAYO","JUNIO","JULIO","AGOSTO","SEPTIEMBRE","OCTUBRE","NOVIEMBRE","DICIEMBRE"}, 0), 1,2,3,4,5,6,7,8,9,10,11,12), A11) -> 43475 | H11: 46.5 | I11: 32000 | J11: =DATE(2019,1,1) + ROW()-1 -> 43476 | K11: =VLOOKUP(J11, G:H, 2, FALSE) -> 50.5
A12: 11 | B12: ENERO | C12: 2019 | D12: 81.5 | E12: NA | F12: 31 | G12: =DATE(C12, CHOOSE(MATCH(UPPER(B12), {"ENERO","FEBRERO","MARZO","ABRIL","MAYO","JUNIO","JULIO","AGOSTO","SEPTIEMBRE","OCTUBRE","NOVIEMBRE","DICIEMBRE"}, 0), 1,2,3,4,5,6,7,8,9,10,11,12), A12) -> 43476 | H12: 50.5 | I12: 32000 | J12: =DATE(2019,1,1) + ROW()-1 -> 43477 | K12: =VLOOKUP(J12, G:H, 2, FALSE) -> 73
A13: 12 | B13: ENERO | C13: 2019 | D13: 31 | E13: 60 | F13: 18 | G13: =DATE(C13, CHOOSE(MATCH(UPPER(B13), {"ENERO","FEBRERO","MARZO","ABRIL","MAYO","JUNIO","JULIO","AGOSTO","SEPTIEMBRE","OCTUBRE","NOVIEMBRE","DICIEMBRE"}, 0), 1,2,3,4,5,6,7,8,9,10,11,12), A13) -> 43477 | H13: 73 | I13: 32000 | J13: =DATE(2019,1,1) + ROW()-1 -> 43478 | K13: =VLOOKUP(J13, G:H, 2, FALSE) -> 48.75
A14: 13 | B14: ENERO | C14: 2019 | D14: 18 | E14: 70 | F14: 39.25 | G14: =DATE(C14, CHOOSE(MATCH(UPPER(B14), {"ENERO","FEBRERO","MARZO","ABRIL","MAYO","JUNIO","JULIO","AGOSTO","SEPTIEMBRE","OCTUBRE","NOVIEMBRE","DICIEMBRE"}, 0), 1,2,3,4,5,6,7,8,9,10,11,12), A14) -> 43478 | H14: 48.75 | I14: 32000 | J14: =DATE(2019,1,1) + ROW()-1 -> 43479 | K14: =VLOOKUP(J14, G:H, 2, FALSE) -> 18.25
A15: 14 | B15: ENERO | C15: 2019 | D15: 39.25 | E15: 30 | F15: 51 | G15: =DATE(C15, CHOOSE(MATCH(UPPER(B15), {"ENERO","FEBRERO","MARZO","ABRIL","MAYO","JUNIO","JULIO","AGOSTO","SEPTIEMBRE","OCTUBRE","NOVIEMBRE","DICIEMBRE"}, 0), 1,2,3,4,5,6,7,8,9,10,11,12), A15) -> 43479 | H15: 18.25 | I15: 32000 | J15: =DATE(2019,1,1) + ROW()-1 -> 43480 | K15: =VLOOKUP(J15, G:H, 2, FALSE) -> 45.5
A16: 15 | B16: ENERO | C16: 2019 | D16: 51 | E16: 30 | F16: 35.5 | G16: =DATE(C16, CHOOSE(MATCH(UPPER(B16), {"ENERO","FEBRERO","MARZO","ABRIL","MAYO","JUNIO","JULIO","AGOSTO","SEPTIEMBRE","OCTUBRE","NOVIEMBRE","DICIEMBRE"}, 0), 1,2,3,4,5,6,7,8,9,10,11,12), A16) -> 43480 | H16: 45.5 | I16: 32000 | J16: =DATE(2019,1,1) + ROW()-1 -> 43481 | K16: =VLOOKUP(J16, G:H, 2, FALSE) -> 49.75
A17: 16 | B17: ENERO | C17: 2019 | D17: 35.5 | E17: 80 | F17: 65.75 | G17: =DATE(C17, CHOOSE(MATCH(UPPER(B17), {"ENERO","FEBRERO","MARZO","ABRIL","MAYO","JUNIO","JULIO","AGOSTO","SEPTIEMBRE","OCTUBRE","NOVIEMBRE","DICIEMBRE"}, 0), 1,2,3,4,5,6,7,8,9,10,11,12), A17) -> 43481 | H17: 49.75 | I17: 32000 | J17: =DATE(2019,1,1) + ROW()-1 -> 43482 | K17: =VLOOKUP(J17, G:H, 2, FALSE) -> 26.75
A18: 17 | B18: ENERO | C18: 2019 | D18: 65.75 | E18: 80 | F18: 119 | G18: =DATE(C18, CHOOSE(MATCH(UPPER(B18), {"ENERO","FEBRERO","MARZO","ABRIL","MAYO","JUNIO","JULIO","AGOSTO","SEPTIEMBRE","OCTUBRE","NOVIEMBRE","DICIEMBRE"}, 0), 1,2,3,4,5,6,7,8,9,10,11,12), A18) -> 43482 | H18: 26.75 | I18: 32000 | J18: =DATE(2019,1,1) + ROW()-1 -> 43483 | K18: =VLOOKUP(J18, G:H, 2, FALSE) -> 32.75
A19: 18 | B19: ENERO | C19: 2019 | D19: 119 | E19: -50 | F19: 36.25 | G19: =DATE(C19, CHOOSE(MATCH(UPPER(B19), {"ENERO","FEBRERO","MARZO","ABRIL","MAYO","JUNIO","JULIO","AGOSTO","SEPTIEMBRE","OCTUBRE","NOVIEMBRE","DICIEMBRE"}, 0), 1,2,3,4,5,6,7,8,9,10,11,12), A19) -> 43483 | H19: 32.75 | I19: 32000 | J19: =DATE(2019,1,1) + ROW()-1 -> 43484 | K19: =VLOOKUP(J19, G:H, 2, FALSE) -> 52.25
A20: 19 | B20: ENERO | C20: 2019 | D20: 36.25 | E20: 100 | F20: 84 | G20: =DATE(C20, CHOOSE(MATCH(UPPER(B20), {"ENERO","FEBRERO","MARZO","ABRIL","MAYO","JUNIO","JULIO","AGOSTO","SEPTIEMBRE","OCTUBRE","NOVIEMBRE","DICIEMBRE"}, 0), 1,2,3,4,5,6,7,8,9,10,11,12), A20) -> 43484 | H20: 52.25 | I20: 32000 | J20: =DATE(2019,1,1) + ROW()-1 -> 43485 | K20: =VLOOKUP(J20, G:H, 2, FALSE) -> 61
A21: 20 | B21: ENERO | C21: 2019 | D21: 84 | E21: NA | F21: 23 | G21: =DATE(C21, CHOOSE(MATCH(UPPER(B21), {"ENERO","FEBRERO","MARZO","ABRIL","MAYO","JUNIO","JULIO","AGOSTO","SEPTIEMBRE","OCTUBRE","NOVIEMBRE","DICIEMBRE"}, 0), 1,2,3,4,5,6,7,8,9,10,11,12), A21) -> 43485 | H21: 61 | I21: 32000 | J21: =DATE(2019,1,1) + ROW()-1 -> 43486 | K21: =VLOOKUP(J21, G:H, 2, FALSE) -> 19
A22: 21 | B22: ENERO | C22: 2019 | D22: 23 | E22: 120 | F22: 124 | G22: =DATE(C22, CHOOSE(MATCH(UPPER(B22), {"ENERO","FEBRERO","MARZO","ABRIL","MAYO","JUNIO","JULIO","AGOSTO","SEPTIEMBRE","OCTUBRE","NOVIEMBRE","DICIEMBRE"}, 0), 1,2,3,4,5,6,7,8,9,10,11,12), A22) -> 43486 | H22: 19 | I22: 32000 | J22: =DATE(2019,1,1) + ROW()-1 -> 43487 | K22: =VLOOKUP(J22, G:H, 2, FALSE) -> 29.125
A23: 22 | B23: ENERO | C23: 2019 | D23: 124 | E23: NA | F23: 94.875 | G23: =DATE(C23, CHOOSE(MATCH(UPPER(B23), {"ENERO","FEBRERO","MARZO","ABRIL","MAYO","JUNIO","JULIO","AGOSTO","SEPTIEMBRE","OCTUBRE","NOVIEMBRE","DICIEMBRE"}, 0), 1,2,3,4,5,6,7,8,9,10,11,12), A23) -> 43487 | H23: 29.125 | I23: 32000 | J23: =DATE(2019,1,1) + ROW()-1 -> 43488 | K23: =VLOOKUP(J23, G:H, 2, FALSE) -> 24.875
A24: 23 | B24: ENERO | C24: 2019 | D24: 94.875 | E24: NA | F24: 70 | G24: =DATE(C24, CHOOSE(MATCH(UPPER(B24), {"ENERO","FEBRERO","MARZO","ABRIL","MAYO","JUNIO","JULIO","AGOSTO","SEPTIEMBRE","OCTUBRE","NOVIEMBRE","DICIEMBRE"}, 0), 1,2,3,4,5,6,7,8,9,10,11,12), A24) -> 43488 | H24: 24.875 | I24: 32000 | J24: =DATE(2019,1,1) + ROW()-1 -> 43489 | K24: =VLOOKUP(J24, G:H, 2, FALSE) -> 15
A25: 24 | B25: ENERO | C25: 2019 | D25: 70 | E25: 120 | F25: 175 | G25: =DATE(C25, CHOOSE(MATCH(UPPER(B25), {"ENERO","FEBRERO","MARZO","ABRIL","MAYO","JUNIO","JULIO","AGOSTO","SEPTIEMBRE","OCTUBRE","NOVIEMBRE","DICIEMBRE"}, 0), 1,2,3,4,5,6,7,8,9,10,11,12), A25) -> 43489 | H25: 15 | I25: 32000 | J25: =DATE(2019,1,1) + ROW()-1 -> 43490 | K25: =VLOOKUP(J25, G:H, 2, FALSE) -> 17
A26: 25 | B26: ENERO | C26: 2019 | D26: 175 | E26: NA | F26: 158 | G26: =DATE(C26, CHOOSE(MATCH(UPPER(B26), {"ENERO","FEBRERO","MARZO","ABRIL","MAYO","JUNIO","JULIO","AGOSTO","SEPTIEMBRE","OCTUBRE","NOVIEMBRE","DICIEMBRE"}, 0), 1,2,3,4,5,6,7,8,9,10,11,12), A26) -> 43490 | H26: 17 | I26: 32000 | J26: =DATE(2019,1,1) + ROW()-1 -> 43491 | K26: =VLOOKUP(J26, G:H, 2, FALSE) -> 53
A27: 26 | B27: ENERO | C27: 2019 | D27: 158 | E27: NA | F27: 105 | G27: =DATE(C27, CHOOSE(MATCH(UPPER(B27), {"ENERO","FEBRERO","MARZO","ABRIL","MAYO","JUNIO","JULIO","AGOSTO","SEPTIEMBRE","OCTUBRE","NOVIEMBRE","DICIEMBRE"}, 0), 1,2,3,4,5,6,7,8,9,10,11,12), A27) -> 43491 | H27: 53 | I27: 32000 | J27: =DATE(2019,1,1) + ROW()-1 -> 43492 | K27: =VLOOKUP(J27, G:H, 2, FALSE) -> 37.375
A28: 27 | B28: ENERO | C28: 2019 | D28: 105 | E28: NA | F28: 67.625 | G28: =DATE(C28, CHOOSE(MATCH(UPPER(B28), {"ENERO","FEBRERO","MARZO","ABRIL","MAYO","JUNIO","JULIO","AGOSTO","SEPTIEMBRE","OCTUBRE","NOVIEMBRE","DICIEMBRE"}, 0), 1,2,3,4,5,6,7,8,9,10,11,12), A28) -> 43492 | H28: 37.375 | I28: 32000 | J28: =DATE(2019,1,1) + ROW()-1 -> 43493 | K28: =VLOOKUP(J28, G:H, 2, FALSE) -> 14.625
A29: 28 | B29: ENERO | C29: 2019 | D29: 67.625 | E29: 50 | F29: 103 | G29: =DATE(C29, CHOOSE(MATCH(UPPER(B29), {"ENERO","FEBRERO","MARZO","ABRIL","MAYO","JUNIO","JULIO","AGOSTO","SEPTIEMBRE","OCTUBRE","NOVIEMBRE","DICIEMBRE"}, 0), 1,2,3,4,5,6,7,8,9,10,11,12), A29) -> 43493 | H29: 14.625 | I29: 32000 | J29: =DATE(2019,1,1) + ROW()-1 -> 43494 | K29: =VLOOKUP(J29, G:H, 2, FALSE) -> 27.25
A30: 29 | B30: ENERO | C30: 2019 | D30: 103 | E30: NA | F30: 75.75 | G30: =DATE(C30, CHOOSE(MATCH(UPPER(B30), {"ENERO","FEBRERO","MARZO","ABRIL","MAYO","JUNIO","JULIO","AGOSTO","SEPTIEMBRE","OCTUBRE","NOVIEMBRE","DICIEMBRE"}, 0), 1,2,3,4,5,6,7,8,9,10,11,12), A30) -> 43494 | H30: 27.25 | I30: 32000 | J30: =DATE(2019,1,1) + ROW()-1 -> 43495 | K30: =VLOOKUP(J30, G:H, 2, FALSE) -> 19.75
A31: 30 | B31: ENERO | C31: 2019 | D31: 75.75 | E31: NA | F31: 56 | G31: =DATE(C31, CHOOSE(MATCH(UPPER(B31), {"ENERO","FEBRERO","MARZO","ABRIL","MAYO","JUNIO","JULIO","AGOSTO","SEPTIEMBRE","OCTUBRE","NOVIEMBRE","DICIEMBRE"}, 0), 1,2,3,4,5,6,7,8,9,10,11,12), A31) -> 43495 | H31: 19.75 | I31: 32000 | J31: =DATE(2019,1,1) + ROW()-1 -> 43496 | K31: =VLOOKUP(J31, G:H, 2, FALSE) -> 23.5
A32: 31 | B32: ENERO | C32: 2019 | D32: 56 | E32: 140 | F32: 172.5 | G32: =DATE(C32, CHOOSE(MATCH(UPPER(B32), {"ENERO","FEBRERO","MARZO","ABRIL","MAYO","JUNIO","JULIO","AGOSTO","SEPTIEMBRE","OCTUBRE","NOVIEMBRE","DICIEMBRE"}, 0), 1,2,3,4,5,6,7,8,9,10,11,12), A32) -> 43496 | H32: 23.5 | I32: 32000 | J32: =DATE(2019,1,1) + ROW()-1 -> 43497 | K32: =VLOOKUP(J32, G:H, 2, FALSE) -> 34.5
A33: 1 | B33: FEBRERO | C33: 2019 | D33: 172.5 | E33: NA | F33: 138 | G33: =DATE(C33, CHOOSE(MATCH(UPPER(B33), {"ENERO","FEBRERO","MARZO","ABRIL","MAYO","JUNIO","JULIO","AGOSTO","SEPTIEMBRE","OCTUBRE","NOVIEMBRE","DICIEMBRE"}, 0), 1,2,3,4,5,6,7,8,9,10,11,12), A33) -> 43497 | H33: 34.5 | I33: 32000 | J33: =DATE(2019,1,1) + ROW()-1 -> 43498 | K33: =VLOOKUP(J33, G:H, 2, FALSE) -> 45.5
A34: 2 | B34: FEBRERO | C34: 2019 | D34: 138 | E34: NA | F34: 92.5 | G34: =DATE(C34, CHOOSE(MATCH(UPPER(B34), {"ENERO","FEBRERO","MARZO","ABRIL","MAYO","JUNIO","JULIO","AGOSTO","SEPTIEMBRE","OCTUBRE","NOVIEMBRE","DICIEMBRE"}, 0), 1,2,3,4,5,6,7,8,9,10,11,12), A34) -> 43498 | H34: 45.5 | I34: 32000 | J34: =DATE(2019,1,1) + ROW()-1 -> 43499 | K34: =VLOOKUP(J34, G:H, 2, FALSE) -> 43.75
A35: 3 | B35: FEBRERO | C35: 2019 | D35: 92.5 | E35: NA | F35: 48.75 | G35: =DATE(C35, CHOOSE(MATCH(UPPER(B35), {"ENERO","FEBRERO","MARZO","ABRIL","MAYO","JUNIO","JULIO","AGOSTO","SEPTIEMBRE","OCTUBRE","NOVIEMBRE","DICIEMBRE"}, 0), 1,2,3,4,5,6,7,8,9,10,11,12), A35) -> 43499 | H35: 43.75 | I35: 32000 | J35: =DATE(2019,1,1) + ROW()-1 -> 43500 | K35: =VLOOKUP(J35, G:H, 2, FALSE) -> 13
A36: 4 | B36: FEBRERO | C36: 2019 | D36: 48.75 | E36: 50 | F36: 85.75 | G36: =DATE(C36, CHOOSE(MATCH(UPPER(B36), {"ENERO","FEBRERO","MARZO","ABRIL","MAYO","JUNIO","JULIO","AGOSTO","SEPTIEMBRE","OCTUBRE","NOVIEMBRE","DICIEMBRE"}, 0), 1,2,3,4,5,6,7,8,9,10,11,12), A36) -> 43500 | H36: 13 | I36: 32000 | J36: =DATE(2019,1,1) + ROW()-1 -> 43501 | K36: =VLOOKUP(J36, G:H, 2, FALSE) -> 17.75
A37: 5 | B37: FEBRERO | C37: 2019 | D37: 85.75 | E37: NA | F37: 68 | G37: =DATE(C37, CHOOSE(MATCH(UPPER(B37), {"ENERO","FEBRERO","MARZO","ABRIL","MAYO","JUNIO","JULIO","AGOSTO","SEPTIEMBRE","OCTUBRE","NOVIEMBRE","DICIEMBRE"}, 0), 1,2,3,4,5,6,7,8,9,10,11,12), A37) -> 43501 | H37: 17.75 | I37: 32000 | J37: =DATE(2019,1,1) + ROW()-1 -> 43502 | K37: =VLOOKUP(J37, G:H, 2, FALSE) -> 22
A38: 6 | B38: FEBRERO | C38: 2019 | D38: 68 | E38: NA | F38: 46 | G38: =DATE(C38, CHOOSE(MATCH(UPPER(B38), {"ENERO","FEBRERO","MARZO","ABRIL","MAYO","JUNIO","JULIO","AGOSTO","SEPTIEMBRE","OCTUBRE","NOVIEMBRE","DICIEMBRE"}, 0), 1,2,3,4,5,6,7,8,9,10,11,12), A38) -> 43502 | H38: 22 | I38: 32000 | J38: =DATE(2019,1,1) + ROW()-1 -> 43503 | K38: =VLOOKUP(J38, G:H, 2, FALSE) -> 14.5
A39: 7 | B39: FEBRERO | C39: 2019 | D39: 46 | E39: NA | F39: 31.5 | G39: =DATE(C39, CHOOSE(MATCH(UPPER(B39), {"ENERO","FEBRERO","MARZO","ABRIL","MAYO","JUNIO","JULIO","AGOSTO","SEPTIEMBRE","OCTUBRE","NOVIEMBRE","DICIEMBRE"}, 0), 1,2,3,4,5,6,7,8,9,10,11,12), A39) -> 43503 | H39: 14.5 | I39: 32000 | J39: =DATE(2019,1,1) + ROW()-1 -> 43504 | K39: =VLOOKUP(J39, G:H, 2, FALSE) -> 29
A40: 8 | B40: FEBRERO | C40: 2019 | D40: 31.5 | E40: 120 | F40: 122.5 | G40: =DATE(C40, CHOOSE(MATCH(UPPER(B40), {"ENERO","FEBRERO","MARZO","ABRIL","MAYO","JUNIO","JULIO","AGOSTO","SEPTIEMBRE","OCTUBRE","NOVIEMBRE","DICIEMBRE"}, 0), 1,2,3,4,5,6,7,8,9,10,11,12), A40) -> 43504 | H40: 29 | I40: 32000 | J40: =DATE(2019,1,1) + ROW()-1 -> 43505 | K40: =VLOOKUP(J40, G:H, 2, FALSE) -> 33.5
A41: 9 | B41: FEBRERO | C41: 2019 | D41: 122.5 | E41: NA | F41: 89 | G41: =DATE(C41, CHOOSE(MATCH(UPPER(B41), {"ENERO","FEBRERO","MARZO","ABRIL","MAYO","JUNIO","JULIO","AGOSTO","SEPTIEMBRE","OCTUBRE","NOVIEMBRE","DICIEMBRE"}, 0), 1,2,3,4,5,6,7,8,9,10,11,12), A41) -> 43505 | H41: 33.5 | I41: 32000 | J41: =DATE(2019,1,1) + ROW()-1 -> 43506 | K41: =VLOOKUP(J41, G:H, 2, FALSE) -> 33
A42: 10 | B42: FEBRERO | C42: 2019 | D42: 89 | E42: NA | F42: 56 | G42: =DATE(C42, CHOOSE(MATCH(UPPER(B42), {"ENERO","FEBRERO","MARZO","ABRIL","MAYO","JUNIO","JULIO","AGOSTO","SEPTIEMBRE","OCTUBRE","NOVIEMBRE","DICIEMBRE"}, 0), 1,2,3,4,5,6,7,8,9,10,11,12), A42) -> 43506 | H42: 33 | I42: 32000 | J42: =DATE(2019,1,1) + ROW()-1 -> 43507 | K42: =VLOOKUP(J42, G:H, 2, FALSE) -> 10
A43: 11 | B43: FEBRERO | C43: 2019 | D43: 56 | E43: NA | F43: 46 | G43: =DATE(C43, CHOOSE(MATCH(UPPER(B43), {"ENERO","FEBRERO","MARZO","ABRIL","MAYO","JUNIO","JULIO","AGOSTO","SEPTIEMBRE","OCTUBRE","NOVIEMBRE","DICIEMBRE"}, 0), 1,2,3,4,5,6,7,8,9,10,11,12), A43) -> 43507 | H43: 10 | I43: 32000 | J43: =DATE(2019,1,1) + ROW()-1 -> 43508 | K43: =VLOOKUP(J43, G:H, 2, FALSE) -> 16
A44: 12 | B44: FEBRERO | C44: 2019 | D44: 46 | E44: NA | F44: 30 | G44: =DATE(C44, CHOOSE(MATCH(UPPER(B44), {"ENERO","FEBRERO","MARZO","ABRIL","MAYO","JUNIO","JULIO","AGOSTO","SEPTIEMBRE","OCTUBRE","NOVIEMBRE","DICIEMBRE"}, 0), 1,2,3,4,5,6,7,8,9,10,11,12), A44) -> 43508 | H44: 16 | I44: 32000 | J44: =DATE(2019,1,1) + ROW()-1 -> 43509 | K44: =VLOOKUP(J44, G:H, 2, FALSE) -> 16
A45: 13 | B45: FEBRERO | C45: 2019 | D45: 30 | E45: 120 | F45: 134 | G45: =DATE(C45, CHOOSE(MATCH(UPPER(B45), {"ENERO","FEBRERO","MARZO","ABRIL","MAYO","JUNIO","JULIO","AGOSTO","SEPTIEMBRE","OCTUBRE","NOVIEMBRE","DICIEMBRE"}, 0), 1,2,3,4,5,6,7,8,9,10,11,12), A45) -> 43509 | H45: 16 | I45: 32000 | J45: =DATE(2019,1,1) + ROW()-1 -> 43510 | K45: =VLOOKUP(J45, G:H, 2, FALSE) -> 17.5
A46: 14 | B46: FEBRERO | C46: 2019 | D46: 134 | E46: NA | F46: 116.5 | G46: =DATE(C46, CHOOSE(MATCH(UPPER(B46), {"ENERO","FEBRERO","MARZO","ABRIL","MAYO","JUNIO","JULIO","AGOSTO","SEPTIEMBRE","OCTUBRE","NOVIEMBRE","DICIEMBRE"}, 0), 1,2,3,4,5,6,7,8,9,10,11,12), A46) -> 43510 | H46: 17.5 | I46: 32000 | J46: =DATE(2019,1,1) + ROW()-1 -> 43511 | K46: =VLOOKUP(J46, G:H, 2, FALSE) -> 21.5
A47: 15 | B47: FEBRERO | C47: 2019 | D47: 116.5 | E47: NA | F47: 95 | G47: =DATE(C47, CHOOSE(MATCH(UPPER(B47), {"ENERO","FEBRERO","MARZO","ABRIL","MAYO","JUNIO","JULIO","AGOSTO","SEPTIEMBRE","OCTUBRE","NOVIEMBRE","DICIEMBRE"}, 0), 1,2,3,4,5,6,7,8,9,10,11,12), A47) -> 43511 | H47: 21.5 | I47: 32000 | J47: =DATE(2019,1,1) + ROW()-1 -> 43512 | K47: =VLOOKUP(J47, G:H, 2, FALSE) -> 35.5
A48: 16 | B48: FEBRERO | C48: 2019 | D48: 95 | E48: NA | F48: 59.5 | G48: =DATE(C48, CHOOSE(MATCH(UPPER(B48), {"ENERO","FEBRERO","MARZO","ABRIL","MAYO","JUNIO","JULIO","AGOSTO","SEPTIEMBRE","OCTUBRE","NOVIEMBRE","DICIEMBRE"}, 0), 1,2,3,4,5,6,7,8,9,10,11,12), A48) -> 43512 | H48: 35.5 | I48: 32000 | J48: =DATE(2019,1,1) + ROW()-1 -> 43513 | K48: =VLOOKUP(J48, G:H, 2, FALSE) -> 38.25
A49: 17 | B49: FEBRERO | C49: 2019 | D49: 59.5 | E49: NA | F49: 21.25 | G49: =DATE(C49, CHOOSE(MATCH(UPPER(B49), {"ENERO","FEBRERO","MARZO","ABRIL","MAYO","JUNIO","JULIO","AGOSTO","SEPTIEMBRE","OCTUBRE","NOVIEMBRE","DICIEMBRE"}, 0), 1,2,3,4,5,6,7,8,9,10,11,12), A49) -> 43513 | H49: 38.25 | I49: 32000 | J49: =DATE(2019,1,1) + ROW()-1 -> 43514 | K49: =VLOOKUP(J49, G:H, 2, FALSE) -> 7.25
A50: 18 | B50: FEBRERO | C50: 2019 | D50: 21.25 | E50: 60 | F50: 74 | G50: =DATE(C50, CHOOSE(MATCH(UPPER(B50), {"ENERO","FEBRERO","MARZO","ABRIL","MAYO","JUNIO","JULIO","AGOSTO","SEPTIEMBRE","OCTUBRE","NOVIEMBRE","DICIEMBRE"}, 0), 1,2,3,4,5,6,7,8,9,10,11,12), A50) -> 43514 | H50: 7.25 | I50: 32000 | J50: =DATE(2019,1,1) + ROW()-1 -> 43515 | K50: =VLOOKUP(J50, G:H, 2, FALSE) -> 13.5
A51: 19 | B51: FEBRERO | C51: 2019 | D51: 74 | E51: NA | F51: 60.5 | G51: =DATE(C51, CHOOSE(MATCH(UPPER(B51), {"ENERO","FEBRERO","MARZO","ABRIL","MAYO","JUNIO","JULIO","AGOSTO","SEPTIEMBRE","OCTUBRE","NOVIEMBRE","DICIEMBRE"}, 0), 1,2,3,4,5,6,7,8,9,10,11,12), A51) -> 43515 | H51: 13.5 | I51: 32000 | J51: =DATE(2019,1,1) + ROW()-1 -> 43516 | K51: =VLOOKUP(J51, G:H, 2, FALSE) -> 14.5
A52: 20 | B52: FEBRERO | C52: 2019 | D52: 60.5 | E52: NA | F52: 46 | G52: =DATE(C52, CHOOSE(MATCH(UPPER(B52), {"ENERO","FEBRERO","MARZO","ABRIL","MAYO","JUNIO","JULIO","AGOSTO","SEPTIEMBRE","OCTUBRE","NOVIEMBRE","DICIEMBRE"}, 0), 1,2,3,4,5,6,7,8,9,10,11,12), A52) -> 43516 | H52: 14.5 | I52: 32000 | J52: =DATE(2019,1,1) + ROW()-1 -> 43517 | K52: =VLOOKUP(J52, G:H, 2, FALSE) -> 14.375
A53: 21 | B53: FEBRERO | C53: 2019 | D53: 46 | E53: NA | F53: 31.625 | G53: =DATE(C53, CHOOSE(MATCH(UPPER(B53), {"ENERO","FEBRERO","MARZO","ABRIL","MAYO","JUNIO","JULIO","AGOSTO","SEPTIEMBRE","OCTUBRE","NOVIEMBRE","DICIEMBRE"}, 0), 1,2,3,4,5,6,7,8,9,10,11,12), A53) -> 43517 | H53: 14.375 | I53: 32000 | J53: =DATE(2019,1,1) + ROW()-1 -> 43518 | K53: =VLOOKUP(J53, G:H, 2, FALSE) -> 19.125
A54: 22 | B54: FEBRERO | C54: 2019 | D54: 31.625 | E54: NA | F54: 12.5 | G54: =DATE(C54, CHOOSE(MATCH(UPPER(B54), {"ENERO","FEBRERO","MARZO","ABRIL","MAYO","JUNIO","JULIO","AGOSTO","SEPTIEMBRE","OCTUBRE","NOVIEMBRE","DICIEMBRE"}, 0), 1,2,3,4,5,6,7,8,9,10,11,12), A54) -> 43518 | H54: 19.125 | I54: 32000 | J54: =DATE(2019,1,1) + ROW()-1 -> 43519 | K54: =VLOOKUP(J54, G:H, 2, FALSE) -> 27.25
A55: 23 | B55: FEBRERO | C55: 2019 | D55: 12.5 | E55: 100 | F55: 85.25 | G55: =DATE(C55, CHOOSE(MATCH(UPPER(B55), {"ENERO","FEBRERO","MARZO","ABRIL","MAYO","JUNIO","JULIO","AGOSTO","SEPTIEMBRE","OCTUBRE","NOVIEMBRE","DICIEMBRE"}, 0), 1,2,3,4,5,6,7,8,9,10,11,12), A55) -> 43519 | H55: 27.25 | I55: 32000 | J55: =DATE(2019,1,1) + ROW()-1 -> 43520 | K55: =VLOOKUP(J55, G:H, 2, FALSE) -> 42
A56: 24 | B56: FEBRERO | C56: 2019 | D56: 85.25 | E56: NA | F56: 43.25 | G56: =DATE(C56, CHOOSE(MATCH(UPPER(B56), {"ENERO","FEBRERO","MARZO","ABRIL","MAYO","JUNIO","JULIO","AGOSTO","SEPTIEMBRE","OCTUBRE","NOVIEMBRE","DICIEMBRE"}, 0), 1,2,3,4,5,6,7,8,9,10,11,12), A56) -> 43520 | H56: 42 | I56: 32000 | J56: =DATE(2019,1,1) + ROW()-1 -> 43521 | K56: =VLOOKUP(J56, G:H, 2, FALSE) -> 9.75
A57: 25 | B57: FEBRERO | C57: 2019 | D57: 43.25 | E57: NA | F57: 33.5 | G57: =DATE(C57, CHOOSE(MATCH(UPPER(B57), {"ENERO","FEBRERO","MARZO","ABRIL","MAYO","JUNIO","JULIO","AGOSTO","SEPTIEMBRE","OCTUBRE","NOVIEMBRE","DICIEMBRE"}, 0), 1,2,3,4,5,6,7,8,9,10,11,12), A57) -> 43521 | H57: 9.75 | I57: 32000 | J57: =DATE(2019,1,1) + ROW()-1 -> 43522 | K57: =VLOOKUP(J57, G:H, 2, FALSE) -> 13.75
A58: 26 | B58: FEBRERO | C58: 2019 | D58: 33.5 | E58: NA | F58: 19.75 | G58: =DATE(C58, CHOOSE(MATCH(UPPER(B58), {"ENERO","FEBRERO","MARZO","ABRIL","MAYO","JUNIO","JULIO","AGOSTO","SEPTIEMBRE","OCTUBRE","NOVIEMBRE","DICIEMBRE"}, 0), 1,2,3,4,5,6,7,8,9,10,11,12), A58) -> 43522 | H58: 13.75 | I58: 32000 | J58: =DATE(2019,1,1) + ROW()-1 -> 43523 | K58: =VLOOKUP(J58, G:H, 2, FALSE) -> 15.5
A59: 27 | B59: FEBRERO | C59: 2019 | D59: 19.75 | E59: 120 | F59: 124.25 | G59: =DATE(C59, CHOOSE(MATCH(UPPER(B59), {"ENERO","FEBRERO","MARZO","ABRIL","MAYO","JUNIO","JULIO","AGOSTO","SEPTIEMBRE","OCTUBRE","NOVIEMBRE","DICIEMBRE"}, 0), 1,2,3,4,5,6,7,8,9,10,11,12), A59) -> 43523 | H59: 15.5 | I59: 32000 | J59: =DATE(2019,1,1) + ROW()-1 -> 43524 | K59: =VLOOKUP(J59, G:H, 2, FALSE) -> 25.25
A60: 28 | B60: FEBRERO | C60: 2019 | D60: 124.25 | E60: NA | F60: 99 | G60: =DATE(C60, CHOOSE(MATCH(UPPER(B60), {"ENERO","FEBRERO","MARZO","ABRIL","MAYO","JUNIO","JULIO","AGOSTO","SEPTIEMBRE","OCTUBRE","NOVIEMBRE","DICIEMBRE"}, 0), 1,2,3,4,5,6,7,8,9,10,11,12), A60) -> 43524 | H60: 25.25 | I60: 32000 | J60: =DATE(2019,1,1) + ROW()-1 -> 43525 | K60: =VLOOKUP(J60, G:H, 2, FALSE) -> 29.5
A61: 1 | B61: MARZO | C61: 2019 | D61: 99 | E61: NA | F61: 69.5 | G61: =DATE(C61, CHOOSE(MATCH(UPPER(B61), {"ENERO","FEBRERO","MARZO","ABRIL","MAYO","JUNIO","JULIO","AGOSTO","SEPTIEMBRE","OCTUBRE","NOVIEMBRE","DICIEMBRE"}, 0), 1,2,3,4,5,6,7,8,9,10,11,12), A61) -> 43525 | H61: 29.5 | I61: 36000 | J61: =DATE(2019,1,1) + ROW()-1 -> 43526 | K61: =VLOOKUP(J61, G:H, 2, FALSE) -> 37.5
A62: 2 | B62: MARZO | C62: 2019 | D62: 69.5 | E62: NA | F62: 32 | G62: =DATE(C62, CHOOSE(MATCH(UPPER(B62), {"ENERO","FEBRERO","MARZO","ABRIL","MAYO","JUNIO","JULIO","AGOSTO","SEPTIEMBRE","OCTUBRE","NOVIEMBRE","DICIEMBRE"}, 0), 1,2,3,4,5,6,7,8,9,10,11,12), A62) -> 43526 | H62: 37.5 | I62: 36000 | J62: =DATE(2019,1,1) + ROW()-1 -> 43527 | K62: =VLOOKUP(J62, G:H, 2, FALSE) -> 39.5
A63: 3 | B63: MARZO | C63: 2019 | D63: 32 | E63: 100 | F63: 92.5 | G63: =DATE(C63, CHOOSE(MATCH(UPPER(B63), {"ENERO","FEBRERO","MARZO","ABRIL","MAYO","JUNIO","JULIO","AGOSTO","SEPTIEMBRE","OCTUBRE","NOVIEMBRE","DICIEMBRE"}, 0), 1,2,3,4,5,6,7,8,9,10,11,12), A63) -> 43527 | H63: 39.5 | I63: 36000 | J63: =DATE(2019,1,1) + ROW()-1 -> 43528 | K63: =VLOOKUP(J63, G:H, 2, FALSE) -> 11.625
A64: 4 | B64: MARZO | C64: 2019 | D64: 92.5 | E64: NA | F64: 80.875 | G64: =DATE(C64, CHOOSE(MATCH(UPPER(B64), {"ENERO","FEBRERO","MARZO","ABRIL","MAYO","JUNIO","JULIO","AGOSTO","SEPTIEMBRE","OCTUBRE","NOVIEMBRE","DICIEMBRE"}, 0), 1,2,3,4,5,6,7,8,9,10,11,12), A64) -> 43528 | H64: 11.625 | I64: 36000 | J64: =DATE(2019,1,1) + ROW()-1 -> 43529 | K64: =VLOOKUP(J64, G:H, 2, FALSE) -> 11.375
A65: 5 | B65: MARZO | C65: 2019 | D65: 80.875 | E65: NA | F65: 69.5 | G65: =DATE(C65, CHOOSE(MATCH(UPPER(B65), {"ENERO","FEBRERO","MARZO","ABRIL","MAYO","JUNIO","JULIO","AGOSTO","SEPTIEMBRE","OCTUBRE","NOVIEMBRE","DICIEMBRE"}, 0), 1,2,3,4,5,6,7,8,9,10,11,12), A65) -> 43529 | H65: 11.375 | I65: 36000 | J65: =DATE(2019,1,1) + ROW()-1 -> 43530 | K65: =VLOOKUP(J65, G:H, 2, FALSE) -> 13.5
A66: 6 | B66: MARZO | C66: 2019 | D66: 69.5 | E66: NA | F66: 56 | G66: =DATE(C66, CHOOSE(MATCH(UPPER(B66), {"ENERO","FEBRERO","MARZO","ABRIL","MAYO","JUNIO","JULIO","AGOSTO","SEPTIEMBRE","OCTUBRE","NOVIEMBRE","DICIEMBRE"}, 0), 1,2,3,4,5,6,7,8,9,10,11,12), A66) -> 43530 | H66: 13.5 | I66: 36000 | J66: =DATE(2019,1,1) + ROW()-1 -> 43531 | K66: =VLOOKUP(J66, G:H, 2, FALSE) -> 16.25
A67: 7 | B67: MARZO | C67: 2019 | D67: 56 | E67: 150 | F67: 189.75 | G67: =DATE(C67, CHOOSE(MATCH(UPPER(B67), {"ENERO","FEBRERO","MARZO","ABRIL","MAYO","JUNIO","JULIO","AGOSTO","SEPTIEMBRE","OCTUBRE","NOVIEMBRE","DICIEMBRE"}, 0), 1,2,3,4,5,6,7,8,9,10,11,12), A67) -> 43531 | H67: 16.25 | I67: 36000 | J67: =DATE(2019,1,1) + ROW()-1 -> 43532 | K67: =VLOOKUP(J67, G:H, 2, FALSE) -> 32
A68: 8 | B68: MARZO | C68: 2019 | D68: 189.75 | E68: NA | F68: 157.75 | G68: =DATE(C68, CHOOSE(MATCH(UPPER(B68), {"ENERO","FEBRERO","MARZO","ABRIL","MAYO","JUNIO","JULIO","AGOSTO","SEPTIEMBRE","OCTUBRE","NOVIEMBRE","DICIEMBRE"}, 0), 1,2,3,4,5,6,7,8,9,10,11,12), A68) -> 43532 | H68: 32 | I68: 36000 | J68: =DATE(2019,1,1) + ROW()-1 -> 43533 | K68: =VLOOKUP(J68, G:H, 2, FALSE) -> 44.75
A69: 9 | B69: MARZO | C69: 2019 | D69: 157.75 | E69: NA | F69: 113 | G69: =DATE(C69, CHOOSE(MATCH(UPPER(B69), {"ENERO","FEBRERO","MARZO","ABRIL","MAYO","JUNIO","JULIO","AGOSTO","SEPTIEMBRE","OCTUBRE","NOVIEMBRE","DICIEMBRE"}, 0), 1,2,3,4,5,6,7,8,9,10,11,12), A69) -> 43533 | H69: 44.75 | I69: 36000 | J69: =DATE(2019,1,1) + ROW()-1 -> 43534 | K69: =VLOOKUP(J69, G:H, 2, FALSE) -> 34
A70: 10 | B70: MARZO | C70: 2019 | D70: 113 | E70: NA | F70: 79 | G70: =DATE(C70, CHOOSE(MATCH(UPPER(B70), {"ENERO","FEBRERO","MARZO","ABRIL","MAYO","JUNIO","JULIO","AGOSTO","SEPTIEMBRE","OCTUBRE","NOVIEMBRE","DICIEMBRE"}, 0), 1,2,3,4,5,6,7,8,9,10,11,12), A70) -> 43534 | H70: 34 | I70: 36000 | J70: =DATE(2019,1,1) + ROW()-1 -> 43535 | K70: =VLOOKUP(J70, G:H, 2, FALSE) -> 6.5
A71: 11 | B71: MARZO | C71: 2019 | D71: 79 | E71: NA | F71: 72.5 | G71: =DATE(C71, CHOOSE(MATCH(UPPER(B71), {"ENERO","FEBRERO","MARZO","ABRIL","MAYO","JUNIO","JULIO","AGOSTO","SEPTIEMBRE","OCTUBRE","NOVIEMBRE","DICIEMBRE"}, 0), 1,2,3,4,5,6,7,8,9,10,11,12), A71) -> 43535 | H71: 6.5 | I71: 36000 | J71: =DATE(2019,1,1) + ROW()-1 -> 43536 | K71: =VLOOKUP(J71, G:H, 2, FALSE) -> 21
A72: 12 | B72: MARZO | C72: 2019 | D72: 72.5 | E72: NA | F72: 51.5 | G72: =DATE(C72, CHOOSE(MATCH(UPPER(B72), {"ENERO","FEBRERO","MARZO","ABRIL","MAYO","JUNIO","JULIO","AGOSTO","SEPTIEMBRE","OCTUBRE","NOVIEMBRE","DICIEMBRE"}, 0), 1,2,3,4,5,6,7,8,9,10,11,12), A72) -> 43536 | H72: 21 | I72: 36000 | J72: =DATE(2019,1,1) + ROW()-1 -> 43537 | K72: =VLOOKUP(J72, G:H, 2, FALSE) -> 17.5
A73: 13 | B73: MARZO | C73: 2019 | D73: 51.5 | E73: NA | F73: 34 | G73: =DATE(C73, CHOOSE(MATCH(UPPER(B73), {"ENERO","FEBRERO","MARZO","ABRIL","MAYO","JUNIO","JULIO","AGOSTO","SEPTIEMBRE","OCTUBRE","NOVIEMBRE","DICIEMBRE"}, 0), 1,2,3,4,5,6,7,8,9,10,11,12), A73) -> 43537 | H73: 17.5 | I73: 36000 | J73: =DATE(2019,1,1) + ROW()-1 -> 43538 | K73: =VLOOKUP(J73, G:H, 2, FALSE) -> 19
A74: 14 | B74: MARZO | C74: 2019 | D74: 34 | E74: 120 | F74: 135 | G74: =DATE(C74, CHOOSE(MATCH(UPPER(B74), {"ENERO","FEBRERO","MARZO","ABRIL","MAYO","JUNIO","JULIO","AGOSTO","SEPTIEMBRE","OCTUBRE","NOVIEMBRE","DICIEMBRE"}, 0), 1,2,3,4,5,6,7,8,9,10,11,12), A74) -> 43538 | H74: 19 | I74: 36000 | J74: =DATE(2019,1,1) + ROW()-1 -> 43539 | K74: =VLOOKUP(J74, G:H, 2, FALSE) -> 27
A75: 15 | B75: MARZO | C75: 2019 | D75: 135 | E75: NA | F75: 108 | G75: =DATE(C75, CHOOSE(MATCH(UPPER(B75), {"ENERO","FEBRERO","MARZO","ABRIL","MAYO","JUNIO","JULIO","AGOSTO","SEPTIEMBRE","OCTUBRE","NOVIEMBRE","DICIEMBRE"}, 0), 1,2,3,4,5,6,7,8,9,10,11,12), A75) -> 43539 | H75: 27 | I75: 36000 | J75: =DATE(2019,1,1) + ROW()-1 -> 43540 | K75: =VLOOKUP(J75, G:H, 2, FALSE) -> 35
A76: 16 | B76: MARZO | C76: 2019 | D76: 108 | E76: NA | F76: 73 | G76: =DATE(C76, CHOOSE(MATCH(UPPER(B76), {"ENERO","FEBRERO","MARZO","ABRIL","MAYO","JUNIO","JULIO","AGOSTO","SEPTIEMBRE","OCTUBRE","NOVIEMBRE","DICIEMBRE"}, 0), 1,2,3,4,5,6,7,8,9,10,11,12), A76) -> 43540 | H76: 35 | I76: 36000 | J76: =DATE(2019,1,1) + ROW()-1 -> 43541 | K76: =VLOOKUP(J76, G:H, 2, FALSE) -> 35.25
A77: 17 | B77: MARZO | C77: 2019 | D77: 73 | E77: NA | F77: 37.75 | G77: =DATE(C77, CHOOSE(MATCH(UPPER(B77), {"ENERO","FEBRERO","MARZO","ABRIL","MAYO","JUNIO","JULIO","AGOSTO","SEPTIEMBRE","OCTUBRE","NOVIEMBRE","DICIEMBRE"}, 0), 1,2,3,4,5,6,7,8,9,10,11,12), A77) -> 43541 | H77: 35.25 | I77: 36000 | J77: =DATE(2019,1,1) + ROW()-1 -> 43542 | K77: =VLOOKUP(J77, G:H, 2, FALSE) -> 12.875
A78: 18 | B78: MARZO | C78: 2019 | D78: 37.75 | E78: NA | F78: 24.875 | G78: =DATE(C78, CHOOSE(MATCH(UPPER(B78), {"ENERO","FEBRERO","MARZO","ABRIL","MAYO","JUNIO","JULIO","AGOSTO","SEPTIEMBRE","OCTUBRE","NOVIEMBRE","DICIEMBRE"}, 0), 1,2,3,4,5,6,7,8,9,10,11,12), A78) -> 43542 | H78: 12.875 | I78: 36000 | J78: =DATE(2019,1,1) + ROW()-1 -> 43543 | K78: =VLOOKUP(J78, G:H, 2, FALSE) -> 19.875
A79: 19 | B79: MARZO | C79: 2019 | D79: 24.875 | E79: 119 | F79: 124 | G79: =DATE(C79, CHOOSE(MATCH(UPPER(B79), {"ENERO","FEBRERO","MARZO","ABRIL","MAYO","JUNIO","JULIO","AGOSTO","SEPTIEMBRE","OCTUBRE","NOVIEMBRE","DICIEMBRE"}, 0), 1,2,3,4,5,6,7,8,9,10,11,12), A79) -> 43543 | H79: 19.875 | I79: 36000 | J79: =DATE(2019,1,1) + ROW()-1 -> 43544 | K79: =VLOOKUP(J79, G:H, 2, FALSE) -> 15.5
A80: 20 | B80: MARZO | C80: 2019 | D80: 124 | E80: NA | F80: 108.5 | G80: =DATE(C80, CHOOSE(MATCH(UPPER(B80), {"ENERO","FEBRERO","MARZO","ABRIL","MAYO","JUNIO","JULIO","AGOSTO","SEPTIEMBRE","OCTUBRE","NOVIEMBRE","DICIEMBRE"}, 0), 1,2,3,4,5,6,7,8,9,10,11,12), A80) -> 43544 | H80: 15.5 | I80: 36000 | J80: =DATE(2019,1,1) + ROW()-1 -> 43545 | K80: =VLOOKUP(J80, G:H, 2, FALSE) -> 16.875
A81: 21 | B81: MARZO | C81: 2019 | D81: 108.5 | E81: NA | F81: 91.625 | G81: =DATE(C81, CHOOSE(MATCH(UPPER(B81), {"ENERO","FEBRERO","MARZO","ABRIL","MAYO","JUNIO","JULIO","AGOSTO","SEPTIEMBRE","OCTUBRE","NOVIEMBRE","DICIEMBRE"}, 0), 1,2,3,4,5,6,7,8,9,10,11,12), A81) -> 43545 | H81: 16.875 | I81: 36000 | J81: =DATE(2019,1,1) + ROW()-1 -> 43546 | K81: =VLOOKUP(J81, G:H, 2, FALSE) -> 27.625
A82: 22 | B82: MARZO | C82: 2019 | D82: 91.625 | E82: NA | F82: 64 | G82: =DATE(C82, CHOOSE(MATCH(UPPER(B82), {"ENERO","FEBRERO","MARZO","ABRIL","MAYO","JUNIO","JULIO","AGOSTO","SEPTIEMBRE","OCTUBRE","NOVIEMBRE","DICIEMBRE"}, 0), 1,2,3,4,5,6,7,8,9,10,11,12), A82) -> 43546 | H82: 27.625 | I82: 36000 | J82: =DATE(2019,1,1) + ROW()-1 -> 43547 | K82: =VLOOKUP(J82, G:H, 2, FALSE) -> 42
A83: 23 | B83: MARZO | C83: 2019 | D83: 64 | E83: NA | F83: 22 | G83: =DATE(C83, CHOOSE(MATCH(UPPER(B83), {"ENERO","FEBRERO","MARZO","ABRIL","MAYO","JUNIO","JULIO","AGOSTO","SEPTIEMBRE","OCTUBRE","NOVIEMBRE","DICIEMBRE"}, 0), 1,2,3,4,5,6,7,8,9,10,11,12), A83) -> 43547 | H83: 42 | I83: 36000 | J83: =DATE(2019,1,1) + ROW()-1 -> 43548 | K83: =VLOOKUP(J83, G:H, 2, FALSE) -> 35
A84: 24 | B84: MARZO | C84: 2019 | D84: 22 | E84: 100 | F84: 87 | G84: =DATE(C84, CHOOSE(MATCH(UPPER(B84), {"ENERO","FEBRERO","MARZO","ABRIL","MAYO","JUNIO","JULIO","AGOSTO","SEPTIEMBRE","OCTUBRE","NOVIEMBRE","DICIEMBRE"}, 0), 1,2,3,4,5,6,7,8,9,10,11,12), A84) -> 43548 | H84: 35 | I84: 36000 | J84: =DATE(2019,1,1) + ROW()-1 -> 43549 | K84: =VLOOKUP(J84, G:H, 2, FALSE) -> 37
A85: 25 | B85: MARZO | C85: 2019 | D85: 87 | E85: NA | F85: 50 | G85: =DATE(C85, CHOOSE(MATCH(UPPER(B85), {"ENERO","FEBRERO","MARZO","ABRIL","MAYO","JUNIO","JULIO","AGOSTO","SEPTIEMBRE","OCTUBRE","NOVIEMBRE","DICIEMBRE"}, 0), 1,2,3,4,5,6,7,8,9,10,11,12), A85) -> 43549 | H85: 37 | I85: 36000 | J85: =DATE(2019,1,1) + ROW()-1 -> 43550 | K85: =VLOOKUP(J85, G:H, 2, FALSE) -> 15.5
A86: 26 | B86: MARZO | C86: 2019 | D86: 50 | E86: 100 | F86: 134.5 | G86: =DATE(C86, CHOOSE(MATCH(UPPER(B86), {"ENERO","FEBRERO","MARZO","ABRIL","MAYO","JUNIO","JULIO","AGOSTO","SEPTIEMBRE","OCTUBRE","NOVIEMBRE","DICIEMBRE"}, 0), 1,2,3,4,5,6,7,8,9,10,11,12), A86) -> 43550 | H86: 15.5 | I86: 36000 | J86: =DATE(2019,1,1) + ROW()-1 -> 43551 | K86: =VLOOKUP(J86, G:H, 2, FALSE) -> 22.5
A87: 27 | B87: MARZO | C87: 2019 | D87: 134.5 | E87: NA | F87: 112 | G87: =DATE(C87, CHOOSE(MATCH(UPPER(B87), {"ENERO","FEBRERO","MARZO","ABRIL","MAYO","JUNIO","JULIO","AGOSTO","SEPTIEMBRE","OCTUBRE","NOVIEMBRE","DICIEMBRE"}, 0), 1,2,3,4,5,6,7,8,9,10,11,12), A87) -> 43551 | H87: 22.5 | I87: 36000 | J87: =DATE(2019,1,1) + ROW()-1 -> 43552 | K87: =VLOOKUP(J87, G:H, 2, FALSE) -> 13.75
A88: 28 | B88: MARZO | C88: 2019 | D88: 112 | E88: NA | F88: 98.25 | G88: =DATE(C88, CHOOSE(MATCH(UPPER(B88), {"ENERO","FEBRERO","MARZO","ABRIL","MAYO","JUNIO","JULIO","AGOSTO","SEPTIEMBRE","OCTUBRE","NOVIEMBRE","DICIEMBRE"}, 0), 1,2,3,4,5,6,7,8,9,10,11,12), A88) -> 43552 | H88: 13.75 | I88: 36000 | J88: =DATE(2019,1,1) + ROW()-1 -> 43553 | K88: =VLOOKUP(J88, G:H, 2, FALSE) -> 26.25
A89: 29 | B89: MARZO | C89: 2019 | D89: 98.25 | E89: NA | F89: 72 | G89: =DATE(C89, CHOOSE(MATCH(UPPER(B89), {"ENERO","FEBRERO","MARZO","ABRIL","MAYO","JUNIO","JULIO","AGOSTO","SEPTIEMBRE","OCTUBRE","NOVIEMBRE","DICIEMBRE"}, 0), 1,2,3,4,5,6,7,8,9,10,11,12), A89) -> 43553 | H89: 26.25 | I89: 36000 | J89: =DATE(2019,1,1) + ROW()-1 -> 43554 | K89: =VLOOKUP(J89, G:H, 2, FALSE) -> 58.375
A90: 30 | B90: MARZO | C90: 2019 | D90: 72 | E90: 70 | F90: 83.625 | G90: =DATE(C90, CHOOSE(MATCH(UPPER(B90), {"ENERO","FEBRERO","MARZO","ABRIL","MAYO","JUNIO","JULIO","AGOSTO","SEPTIEMBRE","OCTUBRE","NOVIEMBRE","DICIEMBRE"}, 0), 1,2,3,4,5,6,7,8,9,10,11,12), A90) -> 43554 | H90: 58.375 | I90: 36000 | J90: =DATE(2019,1,1) + ROW()-1 -> 43555 | K90: =VLOOKUP(J90, G:H, 2, FALSE) -> 49.625
A91: 31 | B91: MARZO | C91: 2019 | D91: 83.625 | E91: NA | F91: 34 | G91: =DATE(C91, CHOOSE(MATCH(UPPER(B91), {"ENERO","FEBRERO","MARZO","ABRIL","MAYO","JUNIO","JULIO","AGOSTO","SEPTIEMBRE","OCTUBRE","NOVIEMBRE","DICIEMBRE"}, 0), 1,2,3,4,5,6,7,8,9,10,11,12), A91) -> 43555 | H91: 49.625 | I91: 36000 | J91: =DATE(2019,1,1) + ROW()-1 -> 43556 | K91: =VLOOKUP(J91, G:H, 2, FALSE) -> 11.75
A92: 1 | B92: ABRIL | C92: 2019 | D92: 34 | E92: NA | F92: 22.25 | G92: =DATE(C92, CHOOSE(MATCH(UPPER(B92), {"ENERO","FEBRERO","MARZO","ABRIL","MAYO","JUNIO","JULIO","AGOSTO","SEPTIEMBRE","OCTUBRE","NOVIEMBRE","DICIEMBRE"}, 0), 1,2,3,4,5,6,7,8,9,10,11,12), A92) -> 43556 | H92: 11.75 | I92: 36000 | J92: =DATE(2019,1,1) + ROW()-1 -> 43557 | K92: =VLOOKUP(J92, G:H, 2, FALSE) -> 19
A93: 2 | B93: ABRIL | C93: 2019 | D93: 22.25 | E93: 40 | F93: 43.25 | G93: =DATE(C93, CHOOSE(MATCH(UPPER(B93), {"ENERO","FEBRERO","MARZO","ABRIL","MAYO","JUNIO","JULIO","AGOSTO","SEPTIEMBRE","OCTUBRE","NOVIEMBRE","DICIEMBRE"}, 0), 1,2,3,4,5,6,7,8,9,10,11,12), A93) -> 43557 | H93: 19 | I93: 36000 | J93: =DATE(2019,1,1) + ROW()-1 -> 43558 | K93: =VLOOKUP(J93, G:H, 2, FALSE) -> 25.25
A94: 3 | B94: ABRIL | C94: 2019 | D94: 43.25 | E94: NA | F94: 18 | G94: =DATE(C94, CHOOSE(MATCH(UPPER(B94), {"ENERO","FEBRERO","MARZO","ABRIL","MAYO","JUNIO","JULIO","AGOSTO","SEPTIEMBRE","OCTUBRE","NOVIEMBRE","DICIEMBRE"}, 0), 1,2,3,4,5,6,7,8,9,10,11,12), A94) -> 43558 | H94: 25.25 | I94: 36000 | J94: =DATE(2019,1,1) + ROW()-1 -> 43559 | K94: =VLOOKUP(J94, G:H, 2, FALSE) -> 23
A95: 4 | B95: ABRIL | C95: 2019 | D95: 18 | E95: 60 | F95: 55 | G95: =DATE(C95, CHOOSE(MATCH(UPPER(B95), {"ENERO","FEBRERO","MARZO","ABRIL","MAYO","JUNIO","JULIO","AGOSTO","SEPTIEMBRE","OCTUBRE","NOVIEMBRE","DICIEMBRE"}, 0), 1,2,3,4,5,6,7,8,9,10,11,12), A95) -> 43559 | H95: 23 | I95: 36000 | J95: =DATE(2019,1,1) + ROW()-1 -> 43560 | K95: =VLOOKUP(J95, G:H, 2, FALSE) -> 34
A96: 5 | B96: ABRIL | C96: 2019 | D96: 55 | E96: NA | F96: 21 | G96: =DATE(C96, CHOOSE(MATCH(UPPER(B96), {"ENERO","FEBRERO","MARZO","ABRIL","MAYO","JUNIO","JULIO","AGOSTO","SEPTIEMBRE","OCTUBRE","NOVIEMBRE","DICIEMBRE"}, 0), 1,2,3,4,5,6,7,8,9,10,11,12), A96) -> 43560 | H96: 34 | I96: 36000 | J96: =DATE(2019,1,1) + ROW()-1 -> 43561 | K96: =VLOOKUP(J96, G:H, 2, FALSE) -> 53
A97: 6 | B97: ABRIL | C97: 2019 | D97: 21 | E97: 50 | F97: 18 | G97: =DATE(C97, CHOOSE(MATCH(UPPER(B97), {"ENERO","FEBRERO","MARZO","ABRIL","MAYO","JUNIO","JULIO","AGOSTO","SEPTIEMBRE","OCTUBRE","NOVIEMBRE","DICIEMBRE"}, 0), 1,2,3,4,5,6,7,8,9,10,11,12), A97) -> 43561 | H97: 53 | I97: 36000 | J97: =DATE(2019,1,1) + ROW()-1 -> 43562 | K97: =VLOOKUP(J97, G:H, 2, FALSE) -> 63
A98: 7 | B98: ABRIL | C98: 2019 | D98: 18 | E98: 99 | F98: 54 | G98: =DATE(C98, CHOOSE(MATCH(UPPER(B98), {"ENERO","FEBRERO","MARZO","ABRIL","MAYO","JUNIO","JULIO","AGOSTO","SEPTIEMBRE","OCTUBRE","NOVIEMBRE","DICIEMBRE"}, 0), 1,2,3,4,5,6,7,8,9,10,11,12), A98) -> 43562 | H98: 63 | I98: 36000 | J98: =DATE(2019,1,1) + ROW()-1 -> 43563 | K98: =VLOOKUP(J98, G:H, 2, FALSE) -> 14.75
A99: 8 | B99: ABRIL | C99: 2019 | D99: 54 | E99: 120 | F99: 159.25 | G99: =DATE(C99, CHOOSE(MATCH(UPPER(B99), {"ENERO","FEBRERO","MARZO","ABRIL","MAYO","JUNIO","JULIO","AGOSTO","SEPTIEMBRE","OCTUBRE","NOVIEMBRE","DICIEMBRE"}, 0), 1,2,3,4,5,6,7,8,9,10,11,12), A99) -> 43563 | H99: 14.75 | I99: 36000 | J99: =DATE(2019,1,1) + ROW()-1 -> 43564 | K99: =VLOOKUP(J99, G:H, 2, FALSE) -> 23.875
A100: 9 | B100: ABRIL | C100: 2019 | D100: 159.25 | E100: NA | F100: 135.375 | G100: =DATE(C100, CHOOSE(MATCH(UPPER(B100), {"ENERO","FEBRERO","MARZO","ABRIL","MAYO","JUNIO","JULIO","AGOSTO","SEPTIEMBRE","OCTUBRE","NOVIEMBRE","DICIEMBRE"}, 0), 1,2,3,4,5,6,7,8,9,10,11,12), A100) -> 43564 | H100: 23.875 | I100: 36000 | J100: =DATE(2019,1,1) + ROW()-1 -> 43565 | K100: =VLOOKUP(J100, G:H, 2, FALSE) -> 21.375
...

Sheet Totales
A1: Fecha | B1: Total | C1: Terraplaza | D1: San José | E1: Torres
A2: 43466 | B2: =IFERROR(Torres!K1, 0) + IFERROR('San José'!K1, 0) + IFERROR(Terraplaza!K1, 0) -> 162.75 | C2: 59.25 | D2: #N/A | E2: 103.5
A3: 43467 | B3: =IFERROR(Torres!K2, 0) + IFERROR('San José'!K2, 0) + IFERROR(Terraplaza!K2, 0) -> 140.25 | C3: 60.75 | D3: #N/A | E3: 79.5
A4: 43468 | B4: =IFERROR(Torres!K3, 0) + IFERROR('San José'!K3, 0) + IFERROR(Terraplaza!K3, 0) -> 127 | C4: 38 | D4: #N/A | E4: 89
A5: 43469 | B5: =IFERROR(Torres!K4, 0) + IFERROR('San José'!K4, 0) + IFERROR(Terraplaza!K4, 0) -> 108.75 | C5: 41.25 | D5: #N/A | E5: 67.5
A6: 43470 | B6: =IFERROR(Torres!K5, 0) + IFERROR('San José'!K5, 0) + IFERROR(Terraplaza!K5, 0) -> 121.25 | C6: 32.75 | D6: #N/A | E6: 88.5
A7: 43471 | B7: =IFERROR(Torres!K6, 0) + IFERROR('San José'!K6, 0) + IFERROR(Terraplaza!K6, 0) -> 95.75 | C7: 23.75 | D7: #N/A | E7: 72
A8: 43472 | B8: =IFERROR(Torres!K7, 0) + IFERROR('San José'!K7, 0) + IFERROR(Terraplaza!K7, 0) -> 140.25 | C8: 53.25 | D8: #N/A | E8: 87
A9: 43473 | B9: =IFERROR(Torres!K8, 0) + IFERROR('San José'!K8, 0) + IFERROR(Terraplaza!K8, 0) -> 113.75 | C9: 53.75 | D9: #N/A | E9: 60
A10: 43474 | B10: =IFERROR(Torres!K9, 0) + IFERROR('San José'!K9, 0) + IFERROR(Terraplaza!K9, 0) -> 114.25 | C10: 52.25 | D10: #N/A | E10: 62
A11: 43475 | B11: =IFERROR(Torres!K10, 0) + IFERROR('San José'!K10, 0) + IFERROR(Terraplaza!K10, 0) -> 106.5 | C11: 46.5 | D11: #N/A | E11: 60
A12: 43476 | B12: =IFERROR(Torres!K11, 0) + IFERROR('San José'!K11, 0) + IFERROR(Terraplaza!K11, 0) -> 123 | C12: 50.5 | D12: #N/A | E12: 72.5
A13: 43477 | B13: =IFERROR(Torres!K12, 0) + IFERROR('San José'!K12, 0) + IFERROR(Terraplaza!K12, 0) -> 145.5 | C13: 73 | D13: #N/A | E13: 72.5
... A487: 43951 | B487: =IFERROR(Torres!K486, 0) + IFERROR('San José'!K486, 0) + IFERROR(Terraplaza!K486, 0) -> 39.475 | C487: 0 | D487: #N/A | E487: 39.475
A488: 43952 | B488: =IFERROR(Torres!K487, 0) + IFERROR('San José'!K487, 0) + IFERROR(Terraplaza!K487, 0) -> 31.525 | C488: #N/A | D488: #N/A | E488: 31.525
A489: 43953 | B489: =IFERROR(Torres!K488, 0) + IFERROR('San José'!K488, 0) + IFERROR(Terraplaza!K488, 0) -> 45.5 | C489: #N/A | D489: #N/A | E489: 45.5
A490: 43954 | B490: =IFERROR(Torres!K489, 0) + IFERROR('San José'!K489, 0) + IFERROR(Terraplaza!K489, 0) -> 33 | C490: #N/A | D490: #N/A | E490: 33
A491: 43955 | B491: =IFERROR(Torres!K490, 0) + IFERROR('San José'!K490, 0) + IFERROR(Terraplaza!K490, 0) -> 18.5 | C491: #N/A | D491: #N/A | E491: 18.5
A492: 43956 | B492: =IFERROR(Torres!K491, 0) + IFERROR('San José'!K491, 0) + IFERROR(Terraplaza!K491, 0) -> 14 | C492: #N/A | D492: #N/A | E492: 14
A493: 43957 | B493: =IFERROR(Torres!K492, 0) + IFERROR('San José'!K492, 0) + IFERROR(Terraplaza!K492, 0) -> 17.5 | C493: #N/A | D493: #N/A | E493: 17.5
A494: 43958 | B494: =IFERROR(Torres!K493, 0) + IFERROR('San José'!K493, 0) + IFERROR(Terraplaza!K493, 0) -> 23.5 | C494: #N/A | D494: #N/A | E494: 23.5
A495: 43959 | B495: =IFERROR(Torres!K494, 0) + IFERROR('San José'!K494, 0) + IFERROR(Terraplaza!K494, 0) -> 30 | C495: #N/A | D495: #N/A | E495: 30
A496: 43960 | B496: =IFERROR(Torres!K495, 0) + IFERROR('San José'!K495, 0) + IFERROR(Terraplaza!K495, 0) -> 38.5 | C496: #N/A | D496: #N/A | E496: 38.5
A497: 43961 | B497: =IFERROR(Torres!K496, 0) + IFERROR('San José'!K496, 0) + IFERROR(Terraplaza!K496, 0) -> 62.375 | C497: #N/A | D497: #N/A | E497: 62.375
A498: 43962 | B498: =IFERROR(Torres!K497, 0) + IFERROR('San José'!K497, 0) + IFERROR(Terraplaza!K497, 0) -> 24.625 | C498: #N/A | D498: #N/A | E498: 24.625
A499: 43963 | B499: =IFERROR(Torres!K498, 0) + IFERROR('San José'!K498, 0) + IFERROR(Terraplaza!K498, 0) -> 29.5 | C499: #N/A | D499: #N/A | E499: 29.5
... A610: 44074 | B610: =IFERROR(Torres!K609, 0) + IFERROR('San José'!K609, 0) + IFERROR(Terraplaza!K609, 0) -> 35.5 | C610: #N/A | D610: #N/A | E610: 35.5
A611: 44075 | B611: =IFERROR(Torres!K610, 0) + IFERROR('San José'!K610, 0) + IFERROR(Terraplaza!K610, 0) -> 0 | C611: #N/A | D611: #N/A | E611: #N/A
A612: 44076 | B612: =IFERROR(Torres!K611, 0) + IFERROR('San José'!K611, 0) + IFERROR(Terraplaza!K611, 0) -> 0 | C612: #N/A | D612: #N/A | E612: #N/A
A613: 44077 | B613: =IFERROR(Torres!K612, 0) + IFERROR('San José'!K612, 0) + IFERROR(Terraplaza!K612, 0) -> 0 | C613: #N/A | D613: #N/A | E613: #N/A
A614: 44078 | B614: =IFERROR(Torres!K613, 0) + IFERROR('San José'!K613, 0) + IFERROR(Terraplaza!K613, 0) -> 0 | C614: #N/A | D614: #N/A | E614: #N/A
A615: 44079 | B615: =IFERROR(Torres!K614, 0) + IFERROR('San José'!K614, 0) + IFERROR(Terraplaza!K614, 0) -> 0 | C615: #N/A | D615: #N/A | E615: #N/A
A616: 44080 | B616: =IFERROR(Torres!K615, 0) + IFERROR('San José'!K615, 0) + IFERROR(Terraplaza!K615, 0) -> 0 | C616: #N/A | D616: #N/A | E616: #N/A
A617: 44081 | B617: =IFERROR(Torres!K616, 0) + IFERROR('San José'!K616, 0) + IFERROR(Terraplaza!K616, 0) -> 0 | C617: #N/A | D617: #N/A | E617: #N/A
A618: 44082 | B618: =IFERROR(Torres!K617, 0) + IFERROR('San José'!K617, 0) + IFERROR(Terraplaza!K617, 0) -> 0 | C618: #N/A | D618: #N/A | E618: #N/A
A619: 44083 | B619: =IFERROR(Torres!K618, 0) + IFERROR('San José'!K618, 0) + IFERROR(Terraplaza!K618, 0) -> 0 | C619: #N/A | D619: #N/A | E619: #N/A
A620: 44084 | B620: =IFERROR(Torres!K619, 0) + IFERROR('San José'!K619, 0) + IFERROR(Terraplaza!K619, 0) -> 0 | C620: #N/A | D620: #N/A | E620: #N/A
A621: 44085 | B621: =IFERROR(Torres!K620, 0) + IFERROR('San José'!K620, 0) + IFERROR(Terraplaza!K620, 0) -> 0 | C621: #N/A | D621: #N/A | E621: #N/A
A622: 44086 | B622: =IFERROR(Torres!K621, 0) + IFERROR('San José'!K621, 0) + IFERROR(Terraplaza!K621, 0) -> 0 | C622: #N/A | D622: #N/A | E622: #N/A
... A640: 44104 | B640: =IFERROR(Torres!K639, 0) + IFERROR('San José'!K639, 0) + IFERROR(Terraplaza!K639, 0) -> 0 | C640: #N/A | D640: #N/A | E640: #N/A
A641: 44105 | B641: =IFERROR(Torres!K640, 0) + IFERROR('San José'!K640, 0) + IFERROR(Terraplaza!K640, 0) -> 41.5 | C641: #N/A | D641: #N/A | E641: 41.5
A642: 44106 | B642: =IFERROR(Torres!K641, 0) + IFERROR('San José'!K641, 0) + IFERROR(Terraplaza!K641, 0) -> 53 | C642: #N/A | D642: #N/A | E642: 53
A643: 44107 | B643: =IFERROR(Torres!K642, 0) + IFERROR('San José'!K642, 0) + IFERROR(Terraplaza!K642, 0) -> 61 | C643: #N/A | D643: #N/A | E643: 61
A644: 44108 | B644: =IFERROR(Torres!K643, 0) + IFERROR('San José'!K643, 0) + IFERROR(Terraplaza!K643, 0) -> 79 | C644: #N/A | D644: #N/A | E644: 79
A645: 44109 | B645: =IFERROR(Torres!K644, 0) + IFERROR('San José'!K644, 0) + IFERROR(Terraplaza!K644, 0) -> 37 | C645: #N/A | D645: #N/A | E645: 37
A646: 44110 | B646: =IFERROR(Torres!K645, 0) + IFERROR('San José'!K645, 0) + IFERROR(Terraplaza!K645, 0) -> 43 | C646: #N/A | D646: #N/A | E646: 43
A647: 44111 | B647: =IFERROR(Torres!K646, 0) + IFERROR('San José'!K646, 0) + IFERROR(Terraplaza!K646, 0) -> 55.5 | C647: #N/A | D647: #N/A | E647: 55.5
A648: 44112 | B648: =IFERROR(Torres!K647, 0) + IFERROR('San José'!K647, 0) + IFERROR(Terraplaza!K647, 0) -> 46 | C648: #N/A | D648: #N/A | E648: 46
A649: 44113 | B649: =IFERROR(Torres!K648, 0) + IFERROR('San José'!K648, 0) + IFERROR(Terraplaza!K648, 0) -> 63 | C649: #N/A | D649: #N/A | E649: 63
A650: 44114 | B650: =IFERROR(Torres!K649, 0) + IFERROR('San José'!K649, 0) + IFERROR(Terraplaza!K649, 0) -> 76 | C650: #N/A | D650: #N/A | E650: 76
A651: 44115 | B651: =IFERROR(Torres!K650, 0) + IFERROR('San José'!K650, 0) + IFERROR(Terraplaza!K650, 0) -> 64.5 | C651: #N/A | D651: #N/A | E651: 64.5
A652: 44116 | B652: =IFERROR(Torres!K651, 0) + IFERROR('San José'!K651, 0) + IFERROR(Terraplaza!K651, 0) -> 50 | C652: #N/A | D652: #N/A | E652: 50
... A671: 44135 | B671: =IFERROR(Torres!K670, 0) + IFERROR('San José'!K670, 0) + IFERROR(Terraplaza!K670, 0) -> 95 | C671: #N/A | D671: #N/A | E671: 95
A672: 44136 | B672: =IFERROR(Torres!K671, 0) + IFERROR('San José'!K671, 0) + IFERROR(Terraplaza!K671, 0) -> 85 | C672: 18 | D672: #N/A | E672: 67
A673: 44137 | B673: =IFERROR(Torres!K672, 0) + IFERROR('San José'!K672, 0) + IFERROR(Terraplaza!K672, 0) -> 71.625 | C673: 16.125 | D673: #N/A | E673: 55.5
A674: 44138 | B674: =IFERROR(Torres!K673, 0) + IFERROR('San José'!K673, 0) + IFERROR(Terraplaza!K673, 0) -> 36.75 | C674: 7.75 | D674: #N/A | E674: 29
A675: 44139 | B675: =IFERROR(Torres!K674, 0) + IFERROR('San José'!K674, 0) + IFERROR(Terraplaza!K674, 0) -> 35.125 | C675: 7.125 | D675: #N/A | E675: 28
A676: 44140 | B676: =IFERROR(Torres!K675, 0) + IFERROR('San José'!K675, 0) + IFERROR(Terraplaza!K675, 0) -> 34.25 | C676: 8.25 | D676: #N/A | E676: 26
A677: 44141 | B677: =IFERROR(Torres!K676, 0) + IFERROR('San José'!K676, 0) + IFERROR(Terraplaza!K676, 0) -> 62 | C677: 17 | D677: #N/A | E677: 45
A678: 44142 | B678: =IFERROR(Torres!K677, 0) + IFERROR('San José'!K677, 0) + IFERROR(Terraplaza!K677, 0) -> 82.375 | C678: 19.375 | D678: #N/A | E678: 63
A679: 44143 | B679: =IFERROR(Torres!K678, 0) + IFERROR('San José'!K678, 0) + IFERROR(Terraplaza!K678, 0) -> 79.25 | C679: 24.25 | D679: #N/A | E679: 55
A680: 44144 | B680: =IFERROR(Torres!K679, 0) + IFERROR('San José'!K679, 0) + IFERROR(Terraplaza!K679, 0) -> 41.5 | C680: 8 | D680: #N/A | E680: 33.5
A681: 44145 | B681: =IFERROR(Torres!K680, 0) + IFERROR('San José'!K680, 0) + IFERROR(Terraplaza!K680, 0) -> 35.25 | C681: 7.75 | D681: #N/A | E681: 27.5
A682: 44146 | B682: =IFERROR(Torres!K681, 0) + IFERROR('San José'!K681, 0) + IFERROR(Terraplaza!K681, 0) -> 36.5 | C682: 7 | D682: #N/A | E682: 29.5
A683: 44147 | B683: =IFERROR(Torres!K682, 0) + IFERROR('San José'!K682, 0) + IFERROR(Terraplaza!K682, 0) -> 54 | C683: 12.5 | D683: #N/A | E683: 41.5
... A724: 44188 | B724: =IFERROR(Torres!K723, 0) + IFERROR('San José'!K723, 0) + IFERROR(Terraplaza!K723, 0) -> 81.75 | C724: 18.75 | D724: #N/A | E724: 63
A725: 44189 | B725: =IFERROR(Torres!K724, 0) + IFERROR('San José'!K724, 0) + IFERROR(Terraplaza!K724, 0) -> 0 | C725: #N/A | D725: #N/A | E725: #N/A
A726: 44190 | B726: =IFERROR(Torres!K725, 0) + IFERROR('San José'!K725, 0) + IFERROR(Terraplaza!K725, 0) -> 101 | C726: 32 | D726: #N/A | E726: 69
A727: 44191 | B727: =IFERROR(Torres!K726, 0) + IFERROR('San José'!K726, 0) + IFERROR(Terraplaza!K726, 0) -> 101 | C727: 26 | D727: #N/A | E727: 75
A728: 44192 | B728: =IFERROR(Torres!K727, 0) + IFERROR('San José'!K727, 0) + IFERROR(Terraplaza!K727, 0) -> 77 | C728: 20 | D728: #N/A | E728: 57
A729: 44193 | B729: =IFERROR(Torres!K728, 0) + IFERROR('San José'!K728, 0) + IFERROR(Terraplaza!K728, 0) -> 55.5 | C729: 20 | D729: #N/A | E729: 35.5
A730: 44194 | B730: =IFERROR(Torres!K729, 0) + IFERROR('San José'!K729, 0) + IFERROR(Terraplaza!K729, 0) -> 73.5 | C730: 21 | D730: #N/A | E730: 52.5
A731: 44195 | B731: =IFERROR(Torres!K730, 0) + IFERROR('San José'!K730, 0) + IFERROR(Terraplaza!K730, 0) -> 83.125 | C731: 16.125 | D731: #N/A | E731: 67
A732: 44196 | B732: =IFERROR(Torres!K731, 0) + IFERROR('San José'!K731, 0) + IFERROR(Terraplaza!K731, 0) -> 0 | C732: #N/A | D732: #N/A | E732: #N/A
A733: 44197 | B733: =IFERROR(Torres!K732, 0) + IFERROR('San José'!K732, 0) + IFERROR(Terraplaza!K732, 0) -> 108.75 | C733: 27.25 | D733: #N/A | E733: 81.5
A734: 44198 | B734: =IFERROR(Torres!K733, 0) + IFERROR('San José'!K733, 0) + IFERROR(Terraplaza!K733, 0) -> 104.125 | C734: 31.625 | D734: #N/A | E734: 72.5
A735: 44199 | B735: =IFERROR(Torres!K734, 0) + IFERROR('San José'!K734, 0) + IFERROR(Terraplaza!K734, 0) -> 79 | C735: 20 | D735: #N/A | E735: 59
A736: 44200 | B736: =IFERROR(Torres!K735, 0) + IFERROR('San José'!K735, 0) + IFERROR(Terraplaza!K735, 0) -> 58 | C736: 12 | D736: #N/A | E736: 46
A737: 44201 | B737: =IFERROR(Torres!K736, 0) + IFERROR('San José'!K736, 0) + IFERROR(Terraplaza!K736, 0) -> 43.625 | C737: 11.625 | D737: #N/A | E737: 32
A738: 44202 | B738: =IFERROR(Torres!K737, 0) + IFERROR('San José'!K737, 0) + IFERROR(Terraplaza!K737, 0) -> 32.125 | C738: 8.125 | D738: #N/A | E738: 24
A739: 44203 | B739: =IFERROR(Torres!K738, 0) + IFERROR('San José'!K738, 0) + IFERROR(Terraplaza!K738, 0) -> 67 | C739: 16 | D739: #N/A | E739: 51
A740: 44204 | B740: =IFERROR(Torres!K739, 0) + IFERROR('San José'!K739, 0) + IFERROR(Terraplaza!K739, 0) -> 38.25 | C740: 11.25 | D740: #N/A | E740: 27
A741: 44205 | B741: =IFERROR(Torres!K740, 0) + IFERROR('San José'!K740, 0) + IFERROR(Terraplaza!K740, 0) -> 55.75 | C741: 15.25 | D741: #N/A | E741: 40.5
A742: 44206 | B742: =IFERROR(Torres!K741, 0) + IFERROR('San José'!K741, 0) + IFERROR(Terraplaza!K741, 0) -> 55 | C742: 19.5 | D742: #N/A | E742: 35.5
A743: 44207 | B743: =IFERROR(Torres!K742, 0) + IFERROR('San José'!K742, 0) + IFERROR(Terraplaza!K742, 0) -> 52.25 | C743: 16.25 | D743: #N/A | E743: 36
A744: 44208 | B744: =IFERROR(Torres!K743, 0) + IFERROR('San José'!K743, 0) + IFERROR(Terraplaza!K743, 0) -> 45.75 | C744: 11.75 | D744: #N/A | E744: 34
... A787: 44251 | B787: =IFERROR(Torres!K786, 0) + IFERROR('San José'!K786, 0) + IFERROR(Terraplaza!K786, 0) -> 35.375 | C787: 5.375 | D787: #N/A | E787: 30
A788: 44252 | B788: =IFERROR(Torres!K787, 0) + IFERROR('San José'!K787, 0) + IFERROR(Terraplaza!K787, 0) -> 33.5 | C788: #N/A | D788: #N/A | E788: 33.5
A789: 44253 | B789: =IFERROR(Torres!K788, 0) + IFERROR('San José'!K788, 0) + IFERROR(Terraplaza!K788, 0) -> 60.375 | C789: 15.375 | D789: #N/A | E789: 45
A790: 44254 | B790: =IFERROR(Torres!K789, 0) + IFERROR('San José'!K789, 0) + IFERROR(Terraplaza!K789, 0) -> 89.35 | C790: 24.85 | D790: #N/A | E790: 64.5
A791: 44255 | B791: =IFERROR(Torres!K790, 0) + IFERROR('San José'!K790, 0) + IFERROR(Terraplaza!K790, 0) -> 86.15 | C791: 23.15 | D791: #N/A | E791: 63
A792: 44256 | B792: =IFERROR(Torres!K791, 0) + IFERROR('San José'!K791, 0) + IFERROR(Terraplaza!K791, 0) -> 26.375 | C792: 7.875 | D792: #N/A | E792: 18.5
A793: 44257 | B793: =IFERROR(Torres!K792, 0) + IFERROR('San José'!K792, 0) + IFERROR(Terraplaza!K792, 0) -> 40.25 | C793: 12.75 | D793: #N/A | E793: 27.5
A794: 44258 | B794: =IFERROR(Torres!K793, 0) + IFERROR('San José'!K793, 0) + IFERROR(Terraplaza!K793, 0) -> 34.25 | C794: 9.25 | D794: #N/A | E794: 25
A795: 44259 | B795: =IFERROR(Torres!K794, 0) + IFERROR('San José'!K794, 0) + IFERROR(Terraplaza!K794, 0) -> 46.625 | C795: 11.125 | D795: #N/A | E795: 35.5
A796: 44260 | B796: =IFERROR(Torres!K795, 0) + IFERROR('San José'!K795, 0) + IFERROR(Terraplaza!K795, 0) -> 64.625 | C796: 17.625 | D796: #N/A | E796: 47
A797: 44261 | B797: =IFERROR(Torres!K796, 0) + IFERROR('San José'!K796, 0) + IFERROR(Terraplaza!K796, 0) -> 71.75 | C797: 18.25 | D797: #N/A | E797: 53.5
A798: 44262 | B798: =IFERROR(Torres!K797, 0) + IFERROR('San José'!K797, 0) + IFERROR(Terraplaza!K797, 0) -> 90 | C798: 27 | D798: #N/A | E798: 63
A799: 44263 | B799: =IFERROR(Torres!K798, 0) + IFERROR('San José'!K798, 0) + IFERROR(Terraplaza!K798, 0) -> 56 | C799: 12 | D799: #N/A | E799: 44
A800: 44264 | B800: =IFERROR(Torres!K799, 0) + IFERROR('San José'!K799, 0) + IFERROR(Terraplaza!K799, 0) -> 20.75 | C800: 3.75 | D800: #N/A | E800: 17
...

Sheet Resumen
